plan_day,model,mae_yuan_per_kwh,mse_yuan2_per_kwh2,bias_yuan_per_kwh
2025-02-01,frozen_lag7,0.06873541666666666,0.01020539895833333,0.05347847222222221
2025-02-02,frozen_lag7,0.08953333333333334,0.0165785425,0.07982916666666667
2025-02-03,frozen_lag7,0.07108055555555556,0.011559538333333334,0.05364305555555557
2025-02-04,frozen_lag7,0.07368194444444445,0.01294464,0.056544444444444446
2025-02-05,frozen_lag7,0.06524097222222222,0.009504716458333333,0.04156180555555556
2025-02-06,frozen_lag7,0.07718055555555556,0.013582416388888892,0.056165277777777786
2025-02-07,frozen_lag7,0.07706458333333334,0.01203927701388889,0.06735625
2025-02-08,frozen_lag7,0.03434583333333333,0.0020841348611111113,0.00914166666666667
2025-02-09,frozen_lag7,0.03652777777777778,0.002138371527777778,-0.004995833333333334
2025-02-10,frozen_lag7,0.043136111111111104,0.0030922983333333326,0.02672638888888888
2025-02-11,frozen_lag7,0.03953749999999999,0.0024437479166666658,0.02069722222222222
2025-02-12,frozen_lag7,0.044407638888888885,0.003395566041666666,0.021829861111111112
2025-02-13,frozen_lag7,0.05364305555555556,0.004632567083333334,0.029173611111111115
2025-02-14,frozen_lag7,0.04500277777777778,0.003287494861111112,0.012938888888888896
2025-02-15,frozen_lag7,0.03733611111111111,0.0021191469444444447,0.0045041666666666685
2025-02-16,frozen_lag7,0.03430486111111111,0.0019067686805555556,0.011061805555555554
2025-02-17,frozen_lag7,0.0341125,0.0019554725,0.000711111111111118
2025-02-18,frozen_lag7,0.03575138888888888,0.002037788194444444,0.013970833333333337
2025-02-19,frozen_lag7,0.03846666666666668,0.0022451947222222233,0.009994444444444445
2025-02-20,frozen_lag7,0.03620069444444445,0.00190940201388889,-0.0020159722222222337
2025-02-21,frozen_lag7,0.03660833333333333,0.002097538333333334,0.010249999999999997
2025-02-22,frozen_lag7,0.033522916666666666,0.001873122569444444,0.0025631944444444417
2025-02-23,frozen_lag7,0.03893263888888889,0.002322946319444444,0.014943749999999993
2025-02-24,frozen_lag7,0.03705625,0.002101707430555556,0.00910347222222222
2025-02-25,frozen_lag7,0.04598472222222222,0.0034964397222222226,0.020425000000000002
2025-02-26,frozen_lag7,0.03988749999999999,0.002614843472222222,0.010891666666666666
2025-02-27,frozen_lag7,0.041761805555555566,0.00306236701388889,0.018895138888888906
2025-02-28,frozen_lag7,0.037295138888888885,0.0023354495138888883,0.004171527777777781
2025-03-01,frozen_lag7,0.04120347222222223,0.0026876250694444445,0.021061805555555556
2025-03-02,frozen_lag7,0.04558958333333333,0.0032413593749999994,0.0030854166666666677
2025-03-03,frozen_lag7,0.042131249999999995,0.0025957788194444446,-0.003600694444444447
2025-03-04,frozen_lag7,0.04432569444444444,0.0032970840972222225,-0.006531250000000006
2025-03-05,frozen_lag7,0.03601388888888889,0.0019238479166666666,0.011037500000000009
2025-03-06,frozen_lag7,0.03754791666666667,0.002353843819444445,0.006054861111111105
2025-03-07,frozen_lag7,0.04369097222222223,0.0033308361805555555,0.008177083333333337
2025-03-08,frozen_lag7,0.040070138888888884,0.002602443125,0.016959027777777778
2025-03-09,frozen_lag7,0.050635416666666676,0.004832870625000001,0.028484027777777785
2025-03-10,frozen_lag7,0.041366666666666656,0.0028008615277777776,0.009398611111111115
2025-03-11,frozen_lag7,0.03928194444444445,0.002768881805555556,0.011234722222222222
2025-03-12,frozen_lag7,0.040403472222222216,0.002582184513888888,0.014332638888888884
2025-03-13,frozen_lag7,0.045145833333333336,0.0034161384722222227,-0.007780555555555559
2025-03-14,frozen_lag7,0.04711180555555555,0.0033245578472222213,0.01711458333333333
2025-03-15,frozen_lag7,0.04032291666666667,0.0027534410416666668,-0.007509027777777768
2025-03-16,frozen_lag7,0.04234305555555556,0.002782878611111111,-0.0010861111111111117
2025-03-17,frozen_lag7,0.05467847222222222,0.005645170486111111,0.04227569444444444
2025-03-18,frozen_lag7,0.03752638888888889,0.002180140277777778,0.013376388888888893
2025-03-19,frozen_lag7,0.04139513888888889,0.002669422986111112,0.008329861111111114
2025-03-20,frozen_lag7,0.046613194444444436,0.003514831875,0.020999305555555556
2025-03-21,frozen_lag7,0.04562291666666667,0.0032793534027777773,0.02109652777777778
2025-03-22,frozen_lag7,0.047354861111111105,0.004122910486111109,0.01738402777777777
2025-03-23,frozen_lag7,0.044475,0.0031996375,0.017716666666666665
2025-03-24,frozen_lag7,0.038775694444444446,0.0023020065972222227,-0.007310416666666668
2025-03-25,frozen_lag7,0.036240972222222216,0.001988642430555555,0.004740972222222215
2025-03-26,frozen_lag7,0.04317152777777778,0.0031058260416666665,0.015227083333333327
2025-03-27,frozen_lag7,0.03610416666666667,0.0021097675000000004,0.012222222222222221
2025-03-28,frozen_lag7,0.034181944444444445,0.001996441111111111,-0.0044777777777777784
2025-03-29,frozen_lag7,0.0455875,0.003746398888888888,0.024301388888888893
2025-03-30,frozen_lag7,0.04034583333333333,0.0029417618055555556,0.015151388888888883
2025-03-31,frozen_lag7,0.03881388888888889,0.002493331666666667,0.006781944444444447
2025-04-01,frozen_lag7,0.04680694444444446,0.0036088688888888895,-0.0018333333333333283
2025-04-02,frozen_lag7,0.04866458333333333,0.004475313541666666,-0.015709027777777777
2025-04-03,frozen_lag7,0.04193541666666667,0.0028897393750000003,0.0019520833333333334
2025-04-04,frozen_lag7,0.04014861111111111,0.002556719305555555,0.015265277777777777
2025-04-05,frozen_lag7,0.044040277777777775,0.0032939704166666662,-0.012441666666666669
2025-04-06,frozen_lag7,0.04000277777777777,0.002487952361111111,-0.0036597222222222218
2025-04-07,frozen_lag7,0.03646041666666666,0.002380338958333333,0.008988194444444451
2025-04-08,frozen_lag7,0.05653611111111112,0.005270839305555557,0.021193055555555562
2025-04-09,frozen_lag7,0.03942847222222221,0.002460457291666666,0.006049305555555557
2025-04-10,frozen_lag7,0.03784513888888888,0.002205359236111111,0.006436805555555563
2025-04-11,frozen_lag7,0.03910347222222221,0.002277726180555555,0.008024305555555557
2025-04-12,frozen_lag7,0.04124166666666667,0.0029470126388888886,0.011661111111111112
2025-04-13,frozen_lag7,0.03626805555555556,0.0021341709722222223,-0.0005680555555555496
2025-04-14,frozen_lag7,0.04096458333333333,0.002752037013888888,0.005118749999999998
2025-04-15,frozen_lag7,0.04179027777777779,0.0028981429166666673,0.01338333333333333
2025-04-16,frozen_lag7,0.038325000000000005,0.0023127975000000007,0.003916666666666668
2025-04-17,frozen_lag7,0.04234861111111111,0.002850963333333333,0.010259722222222215
2025-04-18,frozen_lag7,0.038468055555555554,0.0027113561111111106,-0.007941666666666668
2025-04-19,frozen_lag7,0.04772013888888888,0.0034502493749999997,0.005890972222222223
2025-04-20,frozen_lag7,0.03803402777777778,0.002311413819444444,0.010815972222222218
2025-04-21,frozen_lag7,0.03788125,0.002399877847222222,0.012645138888888883
2025-04-22,frozen_lag7,0.04387569444444445,0.003192268680555556,-0.012425694444444444
2025-04-23,frozen_lag7,0.043645833333333335,0.00290296,0.01444166666666667
2025-04-24,frozen_lag7,0.03648402777777778,0.0024376804861111112,0.011582638888888892
2025-04-25,frozen_lag7,0.04563541666666668,0.003332797569444445,0.018728472222222223
2025-04-26,frozen_lag7,0.05186597222222223,0.004360613958333333,0.020171527777777785
2025-04-27,frozen_lag7,0.03781458333333334,0.002383787708333333,0.011656249999999998
2025-04-28,frozen_lag7,0.053413888888888886,0.005040249166666667,-0.03209999999999999
2025-04-29,frozen_lag7,0.040277083333333324,0.0025327240972222217,0.02057569444444444
2025-04-30,frozen_lag7,0.04531319444444445,0.0030347913194444438,0.018470138888888887
2025-05-01,frozen_lag7,0.0468763888888889,0.0033105719444444454,-0.011141666666666668
2025-05-02,frozen_lag7,0.05750138888888888,0.0056283293055555544,-0.046259722222222216
2025-05-03,frozen_lag7,0.046698611111111114,0.0038749804166666674,-0.032019444444444455
2025-05-04,frozen_lag7,0.048580555555555564,0.0038592111111111116,-0.012345833333333325
2025-05-05,frozen_lag7,0.04732291666666666,0.003805157708333332,0.00559097222222222
2025-05-06,frozen_lag7,0.04789930555555555,0.003380123402777777,-0.022853472222222213
2025-05-07,frozen_lag7,0.05111597222222222,0.004221035902777778,-0.029286805555555556
2025-05-08,frozen_lag7,0.048165972222222214,0.0038254134027777783,-0.014332638888888895
2025-05-09,frozen_lag7,0.044028472222222226,0.0029148990972222223,0.020213194444444447
2025-05-10,frozen_lag7,0.038777777777777786,0.002528301805555555,-0.005483333333333333
2025-05-11,frozen_lag7,0.04511458333333333,0.003228857152777778,-0.014653472222222222
2025-05-12,frozen_lag7,0.047615972222222226,0.0036889522916666675,0.008672916666666666
2025-05-13,frozen_lag7,0.04342222222222222,0.003167974027777778,-0.0032097222222222327
2025-05-14,frozen_lag7,0.03858611111111111,0.0022844568055555552,0.01117777777777778
2025-05-15,frozen_lag7,0.04259722222222222,0.0027372065277777775,0.008881944444444444
2025-05-16,frozen_lag7,0.041209722222222224,0.002894773611111111,0.02135277777777777
2025-05-17,frozen_lag7,0.04539305555555555,0.0032501675,0.0018916666666666695
2025-05-18,frozen_lag7,0.03961736111111111,0.002780207986111111,0.010100694444444443
2025-05-19,frozen_lag7,0.04870763888888889,0.004743123819444445,0.02002847222222222
2025-05-20,frozen_lag7,0.04643055555555556,0.0034658240277777776,-0.00013611111111110538
2025-05-21,frozen_lag7,0.04065208333333334,0.0026452347916666673,0.0017270833333333335
2025-05-22,frozen_lag7,0.04014930555555555,0.002722705902777777,0.006584027777777783
2025-05-23,frozen_lag7,0.03910416666666667,0.002604594027777778,-0.011588888888888886
2025-05-24,frozen_lag7,0.0483875,0.004220265555555556,0.02021111111111111
2025-05-25,frozen_lag7,0.045456944444444446,0.003449136527777778,0.012719444444444453
2025-05-26,frozen_lag7,0.05254722222222222,0.004982422638888889,-0.0207125
2025-05-27,frozen_lag7,0.050470138888888884,0.004076981319444444,0.013660416666666666
2025-05-28,frozen_lag7,0.048325,0.0036173913888888887,-0.005443055555555553
2025-05-29,frozen_lag7,0.04184999999999999,0.002778691388888889,-0.013319444444444448
2025-05-30,frozen_lag7,0.040896527777777775,0.003020902708333333,-0.004018749999999998
2025-05-31,frozen_lag7,0.04160277777777777,0.0029301884722222216,-0.013149999999999998
2025-06-01,frozen_lag7,0.08869097222222222,0.01229503173611111,-0.08121874999999999
2025-06-02,frozen_lag7,0.07965972222222223,0.009915330416666666,-0.05747361111111111
2025-06-03,frozen_lag7,0.07103750000000002,0.007067729444444445,-0.06336111111111112
2025-06-04,frozen_lag7,0.06965972222222223,0.008553650000000001,-0.06239166666666667
2025-06-05,frozen_lag7,0.07301527777777778,0.008077042777777778,-0.06255694444444443
2025-06-06,frozen_lag7,0.09379513888888891,0.014193080208333335,-0.08828958333333334
2025-06-07,frozen_lag7,0.0908763888888889,0.011385606805555554,-0.08393333333333333
2025-06-08,frozen_lag7,0.04480694444444444,0.003910493472222222,0.022101388888888886
2025-06-09,frozen_lag7,0.043500694444444446,0.0031793131249999995,-0.009310416666666672
2025-06-10,frozen_lag7,0.03797986111111112,0.002369980069444445,-0.010535416666666665
2025-06-11,frozen_lag7,0.04755138888888889,0.0037842061111111117,-0.0180375
2025-06-12,frozen_lag7,0.036170833333333326,0.002132502638888889,8.611111111111704e-05
2025-06-13,frozen_lag7,0.04851458333333335,0.00395548076388889,0.00925347222222222
2025-06-14,frozen_lag7,0.04346111111111111,0.0032773,0.013420833333333333
2025-06-15,frozen_lag7,0.05043541666666667,0.004332366319444444,-0.020747916666666668
2025-06-16,frozen_lag7,0.04233541666666666,0.002884588125,-0.003985416666666661
2025-06-17,frozen_lag7,0.04407083333333333,0.003686999999999999,-0.011808333333333334
2025-06-18,frozen_lag7,0.0398576388888889,0.0026004663194444454,0.011646527777777773
2025-06-19,frozen_lag7,0.03952291666666666,0.0026095203472222216,0.014072916666666664
2025-06-20,frozen_lag7,0.04507222222222223,0.0030605256944444457,0.01872222222222223
2025-06-21,frozen_lag7,0.0529,0.004454513611111111,0.02734166666666667
2025-06-22,frozen_lag7,0.04539097222222222,0.003456168680555555,0.01033541666666667
2025-06-23,frozen_lag7,0.04469027777777779,0.003281813472222223,0.018369444444444445
2025-06-24,frozen_lag7,0.04217638888888889,0.0031255427777777773,-0.011908333333333328
2025-06-25,frozen_lag7,0.03923680555555556,0.0023512743750000002,0.0037034722222222182
2025-06-26,frozen_lag7,0.03955694444444444,0.002481937777777778,0.0019361111111111042
2025-06-27,frozen_lag7,0.03700208333333334,0.0024000439583333334,0.01618680555555555
2025-06-28,frozen_lag7,0.03780347222222222,0.0023838332638888887,-0.013463194444444446
2025-06-29,frozen_lag7,0.04909236111111111,0.003927688958333332,-0.004335416666666663
2025-06-30,frozen_lag7,0.04592847222222222,0.003473248819444445,-0.005315972222222221
2025-07-01,frozen_lag7,0.07931041666666666,0.012438659652777776,-0.05022708333333334
2025-07-02,frozen_lag7,0.08724861111111111,0.013911974166666667,-0.058975
2025-07-03,frozen_lag7,0.10380486111111109,0.01894120909722222,-0.09546180555555554
2025-07-04,frozen_lag7,0.09999375,0.018089882569444445,-0.08518819444444445
2025-07-05,frozen_lag7,0.08129930555555556,0.011755840625000001,-0.06132986111111111
2025-07-06,frozen_lag7,0.10673125,0.02203008520833333,-0.08684375000000001
2025-07-07,frozen_lag7,0.09219097222222222,0.01564937048611111,-0.06720208333333333
2025-07-08,frozen_lag7,0.043530555555555545,0.0034725905555555545,0.007158333333333332
2025-07-09,frozen_lag7,0.035137499999999995,0.0020216538888888896,-0.0038555555555555517
2025-07-10,frozen_lag7,0.05789097222222222,0.005343811597222223,0.023928472222222223
2025-07-11,frozen_lag7,0.05754513888888889,0.005472721458333334,-0.016638194444444445
2025-07-12,frozen_lag7,0.04338541666666667,0.002981968958333334,-0.00996319444444445
2025-07-13,frozen_lag7,0.05881666666666668,0.006556640416666666,0.04438333333333333
2025-07-14,frozen_lag7,0.043297222222222216,0.0026864416666666667,0.005175000000000002
2025-07-15,frozen_lag7,0.053684027777777775,0.004724676458333332,0.011495138888888886
2025-07-16,frozen_lag7,0.039634722222222224,0.0022860951388888892,0.0033749999999999995
2025-07-17,frozen_lag7,0.04532013888888889,0.003131180624999999,0.0026868055555555586
2025-07-18,frozen_lag7,0.04010347222222222,0.0026987671527777778,0.012743750000000005
2025-07-19,frozen_lag7,0.037957638888888895,0.002387612152777778,0.013982638888888899
2025-07-20,frozen_lag7,0.04084861111111112,0.0029819581944444443,-0.013324999999999995
2025-07-21,frozen_lag7,0.0407125,0.0025601108333333333,-0.0069638888888888945
2025-07-22,frozen_lag7,0.04397777777777776,0.003266465416666665,-0.003024999999999992
2025-07-23,frozen_lag7,0.04453194444444444,0.0029505451388888893,0.00021805555555556085
2025-07-24,frozen_lag7,0.04905833333333334,0.003650105694444444,-0.002625
2025-07-25,frozen_lag7,0.04341180555555556,0.0031705149305555555,0.01723402777777777
2025-07-26,frozen_lag7,0.04698472222222221,0.0035505654166666668,-0.007709722222222223
2025-07-27,frozen_lag7,0.03921458333333333,0.002671391458333334,-0.009518750000000013
2025-07-28,frozen_lag7,0.04007013888888889,0.002495022847222223,-0.007057638888888892
2025-07-29,frozen_lag7,0.045979166666666654,0.0031995936111111106,-0.009494444444444446
2025-07-30,frozen_lag7,0.03720694444444445,0.002259228888888889,-0.004112500000000009
2025-07-31,frozen_lag7,0.03964513888888889,0.002583564652777777,-0.003985416666666659
2025-08-01,frozen_lag7,0.041952083333333334,0.0028916249305555555,0.010571527777777775
2025-08-02,frozen_lag7,0.052538194444444436,0.004740072013888889,0.025821527777777777
2025-08-03,frozen_lag7,0.05809027777777778,0.005587459166666667,0.04376250000000001
2025-08-04,frozen_lag7,0.06145208333333333,0.005983077291666668,0.04145208333333335
2025-08-05,frozen_lag7,0.05624166666666667,0.005751216666666666,0.04003194444444443
2025-08-06,frozen_lag7,0.050486805555555556,0.004188358402777779,0.021947916666666664
2025-08-07,frozen_lag7,0.05954861111111111,0.005922037083333333,0.04032638888888888
2025-08-08,frozen_lag7,0.05532986111111111,0.004885239791666666,0.02844513888888888
2025-08-09,frozen_lag7,0.044643055555555554,0.003205559444444444,0.009212499999999993
2025-08-10,frozen_lag7,0.04314444444444446,0.0030652865277777785,-0.015322222222222221
2025-08-11,frozen_lag7,0.045657638888888886,0.003411143263888889,0.0051548611111111135
2025-08-12,frozen_lag7,0.0429625,0.0027714436111111107,-0.012774999999999996
2025-08-13,frozen_lag7,0.04666666666666667,0.003327138888888889,0.0045833333333333325
2025-08-14,frozen_lag7,0.0405875,0.002587015694444444,-0.009015277777777782
2025-08-15,frozen_lag7,0.04429236111111111,0.0031571904861111117,-0.013263194444444439
2025-08-16,frozen_lag7,0.04267708333333334,0.003115101458333333,0.005634027777777783
2025-08-17,frozen_lag7,0.04225902777777777,0.0027684407638888884,0.008790972222222217
2025-08-18,frozen_lag7,0.04360625,0.002967070347222222,-0.007931250000000016
2025-08-19,frozen_lag7,0.04421944444444445,0.003063732777777779,0.014455555555555562
2025-08-20,frozen_lag7,0.04353055555555555,0.002860003611111111,-0.013183333333333332
2025-08-21,frozen_lag7,0.042578472222222226,0.003049438680555555,0.0029131944444444544
2025-08-22,frozen_lag7,0.04106527777777778,0.0028378393055555557,-0.009255555555555559
2025-08-23,frozen_lag7,0.04775972222222222,0.0038239993055555546,-0.011855555555555557
2025-08-24,frozen_lag7,0.037277083333333336,0.0024859259027777783,-0.0011215277777777745
2025-08-25,frozen_lag7,0.045684722222222224,0.003296508611111111,-0.012595833333333327
2025-08-26,frozen_lag7,0.04185555555555556,0.00293350625,-0.0015027777777777754
2025-08-27,frozen_lag7,0.046304166666666674,0.003381625000000001,0.012961111111111118
2025-08-28,frozen_lag7,0.052734027777777776,0.004858924930555555,-0.016297916666666665
2025-08-29,frozen_lag7,0.043574305555555554,0.003136895069444444,-0.004036805555555555
2025-08-30,frozen_lag7,0.04768819444444445,0.004077517013888889,0.004534027777777772
2025-08-31,frozen_lag7,0.042617361111111106,0.002865026736111111,-0.005517361111111112
2025-09-01,frozen_lag7,0.11237430555555555,0.023601497847222222,0.10842430555555556
2025-09-02,frozen_lag7,0.10022222222222223,0.018858727500000002,0.090425
2025-09-03,frozen_lag7,0.1047,0.021506582083333337,0.09239305555555556
2025-09-04,frozen_lag7,0.11194027777777776,0.025199447638888886,0.10650694444444445
2025-09-05,frozen_lag7,0.10807569444444445,0.01986469159722222,0.10586736111111111
2025-09-06,frozen_lag7,0.11153333333333333,0.022227464861111115,0.0889513888888889
2025-09-07,frozen_lag7,0.10114999999999999,0.019157659027777777,0.08722499999999998
2025-09-08,frozen_lag7,0.04668819444444445,0.003626860347222222,-0.021790972222222222
2025-09-09,frozen_lag7,0.04740555555555556,0.003324422083333334,0.002109722222222218
2025-09-10,frozen_lag7,0.047880555555555565,0.004115752777777778,-0.02082916666666667
2025-09-11,frozen_lag7,0.040100694444444446,0.0027201839583333334,0.003934027777777781
2025-09-12,frozen_lag7,0.044935416666666665,0.003154590902777778,-0.016445138888888895
2025-09-13,frozen_lag7,0.047961805555555556,0.0035685767361111113,-0.0008048611111111104
2025-09-14,frozen_lag7,0.04026875,0.0025236964583333337,-0.016592361111111113
2025-09-15,frozen_lag7,0.04763194444444444,0.0035011330555555545,0.011797222222222216
2025-09-16,frozen_lag7,0.04493402777777779,0.003292045486111112,-0.02606319444444445
2025-09-17,frozen_lag7,0.040054861111111104,0.0026742160416666663,0.0037687499999999995
2025-09-18,frozen_lag7,0.04194236111111111,0.003294599513888889,-0.016761805555555554
2025-09-19,frozen_lag7,0.04250416666666666,0.002703743472222222,-0.018166666666666664
2025-09-20,frozen_lag7,0.04802569444444444,0.003785201041666666,-0.020945138888888888
2025-09-21,frozen_lag7,0.037968055555555554,0.0024165190277777773,0.0020569444444444493
2025-09-22,frozen_lag7,0.04611875,0.003574456180555555,-0.020439583333333327
2025-09-23,frozen_lag7,0.03995138888888889,0.0024105834722222223,-0.003805555555555548
2025-09-24,frozen_lag7,0.03823125,0.002263982430555556,0.001945138888888889
2025-09-25,frozen_lag7,0.03416944444444444,0.0017997848611111102,-0.007781944444444445
2025-09-26,frozen_lag7,0.041103472222222215,0.002827622847222222,0.00043819444444444515
2025-09-27,frozen_lag7,0.045689583333333325,0.0032468410416666657,-0.012222916666666668
2025-09-28,frozen_lag7,0.040681944444444444,0.0025760333333333333,-0.015538888888888889
2025-09-29,frozen_lag7,0.037185416666666665,0.002096107013888889,-0.005592361111111112
2025-09-30,frozen_lag7,0.04463194444444444,0.0031965948611111105,-0.012072222222222226
2025-10-01,frozen_lag7,0.05636805555555556,0.005566362083333334,0.03795416666666667
2025-10-02,frozen_lag7,0.04844930555555555,0.003513121319444444,0.03563541666666667
2025-10-03,frozen_lag7,0.05364097222222222,0.004750097291666667,0.03484930555555556
2025-10-04,frozen_lag7,0.04236458333333334,0.0027203879861111115,0.013853472222222222
2025-10-05,frozen_lag7,0.05321041666666666,0.00420422923611111,0.03682708333333333
2025-10-06,frozen_lag7,0.04218263888888889,0.0026746303472222222,0.01926874999999999
2025-10-07,frozen_lag7,0.047318055555555544,0.003336162083333333,0.028070833333333337
2025-10-08,frozen_lag7,0.045778472222222234,0.0037568749305555565,-0.022529861111111115
2025-10-09,frozen_lag7,0.03668125,0.0020955984027777783,-0.01583125
2025-10-10,frozen_lag7,0.03852986111111111,0.002447157013888889,-0.0015673611111111142
2025-10-11,frozen_lag7,0.03567916666666667,0.00198617,0.0012791666666666656
2025-10-12,frozen_lag7,0.04246736111111111,0.002741502986111111,-0.01378263888888888
2025-10-13,frozen_lag7,0.03298402777777778,0.001996056041666667,0.0038381944444444488
2025-10-14,frozen_lag7,0.04020486111111109,0.002463124236111109,-0.007313194444444444
2025-10-15,frozen_lag7,0.039892361111111115,0.0023703356250000004,-0.015370138888888888
2025-10-16,frozen_lag7,0.04906736111111112,0.004313947708333333,-0.0244173611111111
2025-10-17,frozen_lag7,0.052027083333333335,0.004767967291666667,-0.02927430555555556
2025-10-18,frozen_lag7,0.04028472222222222,0.0026027112499999996,0.0014833333333333272
2025-10-19,frozen_lag7,0.04156666666666667,0.0029365665277777775,-0.02301666666666667
2025-10-20,frozen_lag7,0.04125347222222222,0.002907453680555555,-0.02247569444444444
2025-10-21,frozen_lag7,0.04849374999999999,0.0036302564583333328,-0.02223958333333333
2025-10-22,frozen_lag7,0.0431451388888889,0.00298971076388889,-0.016895138888888894
2025-10-23,frozen_lag7,0.039313888888888884,0.0023784263888888884,0.0008847222222222165
2025-10-24,frozen_lag7,0.04174791666666667,0.002647994930555556,-0.007552083333333334
2025-10-25,frozen_lag7,0.03658263888888889,0.002197344236111111,-0.015440972222222214
2025-10-26,frozen_lag7,0.03369097222222222,0.0017430539583333337,0.002029861111111116
2025-10-27,frozen_lag7,0.04051041666666667,0.002582684652777778,0.004231250000000003
2025-10-28,frozen_lag7,0.03850625,0.0023898454861111113,0.0022395833333333287
2025-10-29,frozen_lag7,0.031247916666666677,0.0017024815972222222,-0.014006249999999998
2025-10-30,frozen_lag7,0.03741041666666667,0.0021748499305555553,-0.01062430555555556
2025-10-31,frozen_lag7,0.03781875,0.0023876177083333333,-0.02137430555555555
2025-11-01,frozen_lag7,0.036533333333333334,0.002041765,-0.006094444444444446
2025-11-02,frozen_lag7,0.03462777777777778,0.0019869562499999997,-0.014913888888888886
2025-11-03,frozen_lag7,0.05364583333333334,0.005068478749999999,-0.022575000000000005
2025-11-04,frozen_lag7,0.032945138888888885,0.0019002982638888885,-0.004515972222222226
2025-11-05,frozen_lag7,0.03276388888888889,0.0016816434722222223,-0.0019986111111111116
2025-11-06,frozen_lag7,0.047956944444444455,0.003770470277777779,-0.023106944444444444
2025-11-07,frozen_lag7,0.03904722222222222,0.002560650138888889,0.0021986111111111117
2025-11-08,frozen_lag7,0.040502777777777776,0.002584375277777778,-0.012737499999999997
2025-11-09,frozen_lag7,0.03847986111111111,0.0022965190972222224,-0.008072916666666671
2025-11-10,frozen_lag7,0.041710416666666666,0.0027256546527777772,-0.013502083333333338
2025-11-11,frozen_lag7,0.03881388888888889,0.002588350138888889,-0.016276388888888882
2025-11-12,frozen_lag7,0.03530902777777778,0.002025585347222222,-0.0034395833333333336
2025-11-13,frozen_lag7,0.039035416666666656,0.002249039791666666,-0.0034687500000000013
2025-11-14,frozen_lag7,0.042259722222222226,0.002979103611111112,-0.013544444444444444
2025-11-15,frozen_lag7,0.03493541666666667,0.0020222472916666665,-0.011427083333333338
2025-11-16,frozen_lag7,0.03973611111111111,0.002382121666666666,-0.010262500000000003
2025-11-17,frozen_lag7,0.03644444444444445,0.002191701527777779,0.0031180555555555653
2025-11-18,frozen_lag7,0.041778472222222224,0.0028762478472222227,-0.008053472222222234
2025-11-19,frozen_lag7,0.03880208333333333,0.002399845069444445,-0.016618750000000005
2025-11-20,frozen_lag7,0.03327638888888888,0.0017285855555555555,-0.0026430555555555565
2025-11-21,frozen_lag7,0.031583333333333324,0.0015777704166666667,-0.003555555555555557
2025-11-22,frozen_lag7,0.03552222222222223,0.002031549166666667,-0.007906944444444447
2025-11-23,frozen_lag7,0.03587986111111111,0.0020848285416666668,-0.005914583333333335
2025-11-24,frozen_lag7,0.040025000000000005,0.0023825275000000003,-0.005195833333333346
2025-11-25,frozen_lag7,0.04032430555555555,0.002617962152777778,-0.0022118055555555537
2025-11-26,frozen_lag7,0.035725694444444435,0.0019319556249999992,-0.0009201388888888835
2025-11-27,frozen_lag7,0.039379166666666666,0.0023717673611111114,-0.007384722222222217
2025-11-28,frozen_lag7,0.03495416666666667,0.0018750579166666667,-0.001390277777777781
2025-11-29,frozen_lag7,0.04523819444444445,0.0034555086805555554,-0.013763194444444444
2025-11-30,frozen_lag7,0.042849305555555564,0.003386793402777778,-0.013104861111111112
2025-12-01,frozen_lag7,0.09356736111111111,0.017257291180555554,-0.0865548611111111
2025-12-02,frozen_lag7,0.09573124999999999,0.018634880347222223,-0.09118958333333332
2025-12-03,frozen_lag7,0.09021666666666667,0.01566550819444444,-0.08209861111111111
2025-12-04,frozen_lag7,0.08928958333333334,0.016976253125000004,-0.07652152777777778
2025-12-05,frozen_lag7,0.09143472222222221,0.016612454444444442,-0.08315277777777778
2025-12-06,frozen_lag7,0.08626388888888889,0.015888412083333334,-0.07675833333333333
2025-12-07,frozen_lag7,0.08342569444444443,0.014837769791666665,-0.07050902777777777
2025-12-08,frozen_lag7,0.029863888888888888,0.001422347777777778,-0.0009097222222222262
2025-12-09,frozen_lag7,0.039031249999999997,0.0023344102083333335,0.009536805555555562
2025-12-10,frozen_lag7,0.03335277777777779,0.0018601615277777784,-0.004126388888888886
2025-12-11,frozen_lag7,0.032499999999999994,0.0017185043055555553,0.00745138888888889
2025-12-12,frozen_lag7,0.04174166666666666,0.00285879375,-0.006602777777777777
2025-12-13,frozen_lag7,0.03412916666666667,0.0019141258333333336,-0.0025000000000000005
2025-12-14,frozen_lag7,0.03962361111111111,0.0023834168055555556,-0.010629166666666674
2025-12-15,frozen_lag7,0.03865555555555556,0.002318274861111111,-0.005924999999999999
2025-12-16,frozen_lag7,0.03145069444444444,0.0016262752083333332,-0.005136805555555551
2025-12-17,frozen_lag7,0.03633680555555557,0.001961256597222223,0.007349305555555559
2025-12-18,frozen_lag7,0.03946319444444445,0.0025517292361111115,-0.011843749999999997
2025-12-19,frozen_lag7,0.037421527777777776,0.0021944759027777774,-0.0013145833333333297
2025-12-20,frozen_lag7,0.04013541666666666,0.0023139256249999993,0.010725694444444444
2025-12-21,frozen_lag7,0.03244305555555555,0.001610067361111111,0.010661111111111109
2025-12-22,frozen_lag7,0.03277291666666666,0.0016828695138888885,-0.00484513888888888
2025-12-23,frozen_lag7,0.02923194444444443,0.0012916194444444434,-0.0017749999999999988
2025-12-24,frozen_lag7,0.03101944444444444,0.001614559861111111,0.0005444444444444323
2025-12-25,frozen_lag7,0.03849236111111111,0.002360055347222222,-0.0007743055555555485
2025-12-26,frozen_lag7,0.039502777777777776,0.0025777840277777775,0.0013194444444444406
2025-12-27,frozen_lag7,0.041311111111111104,0.0026266373611111104,-0.0022569444444444364
2025-12-28,frozen_lag7,0.03498333333333333,0.0018959934722222222,0.004184722222222227
2025-12-29,frozen_lag7,0.032461111111111114,0.0017704618055555557,0.012754166666666658
2025-12-30,frozen_lag7,0.03412638888888888,0.001989033194444443,0.012230555555555552
2025-12-31,frozen_lag7,0.030754861111111118,0.0014808340972222228,-0.0019784722222222096
2025-02-01,fixed_attachment1_diagnostic,0.11695833333333333,0.01749767875,0.11470416666666666
2025-02-02,fixed_attachment1_diagnostic,0.08882986111111112,0.012712157430555556,-0.07019097222222222
2025-02-03,fixed_attachment1_diagnostic,0.09610138888888889,0.01429389666666667,-0.07859305555555555
2025-02-04,fixed_attachment1_diagnostic,0.09749375,0.014978109513888893,-0.08299236111111112
2025-02-05,fixed_attachment1_diagnostic,0.10258472222222223,0.016071241805555556,-0.08205694444444446
2025-02-06,fixed_attachment1_diagnostic,0.09985625000000001,0.015699586597222225,-0.07776736111111111
2025-02-07,fixed_attachment1_diagnostic,0.12240833333333333,0.019062182083333334,0.12215833333333331
2025-02-08,fixed_attachment1_diagnostic,0.12515694444444445,0.01955853555555555,0.12384583333333334
2025-02-09,fixed_attachment1_diagnostic,0.09340347222222223,0.013916121041666667,-0.07518680555555556
2025-02-10,fixed_attachment1_diagnostic,0.07282361111111112,0.007694153888888892,-0.05186666666666668
2025-02-11,fixed_attachment1_diagnostic,0.08050763888888889,0.009754443958333334,-0.0622951388888889
2025-02-12,fixed_attachment1_diagnostic,0.08055625000000001,0.009576398263888891,-0.06022708333333335
2025-02-13,fixed_attachment1_diagnostic,0.06608402777777779,0.007028777291666667,-0.048593750000000005
2025-02-14,fixed_attachment1_diagnostic,0.13619861111111112,0.024196077638888886,0.13509722222222223
2025-02-15,fixed_attachment1_diagnostic,0.12868055555555555,0.02117240875,0.12835
2025-02-16,fixed_attachment1_diagnostic,0.08139722222222223,0.01058979902777778,-0.064125
2025-02-17,fixed_attachment1_diagnostic,0.0673263888888889,0.0068571755555555565,-0.05115555555555556
2025-02-18,fixed_attachment1_diagnostic,0.06849375000000002,0.007427004652777781,-0.048324305555555565
2025-02-19,fixed_attachment1_diagnostic,0.06949236111111112,0.007952527430555557,-0.05023263888888889
2025-02-20,fixed_attachment1_diagnostic,0.07365277777777779,0.008224295833333336,-0.050609722222222236
2025-02-21,fixed_attachment1_diagnostic,0.1457736111111111,0.027422879722222224,0.1453472222222222
2025-02-22,fixed_attachment1_diagnostic,0.13091319444444446,0.021638788541666662,0.13091319444444446
2025-02-23,fixed_attachment1_diagnostic,0.07026041666666666,0.0077118275694444465,-0.04918125
2025-02-24,fixed_attachment1_diagnostic,0.05771041666666668,0.005479461180555557,-0.04205208333333334
2025-02-25,fixed_attachment1_diagnostic,0.049904861111111115,0.004033992847222223,-0.027899305555555556
2025-02-26,fixed_attachment1_diagnostic,0.06048541666666667,0.0057095457638888895,-0.03934097222222223
2025-02-27,fixed_attachment1_diagnostic,0.056446527777777776,0.0052386936805555555,-0.03171458333333333
2025-02-28,fixed_attachment1_diagnostic,0.14951875,0.027783695763888887,0.14951875
2025-03-01,fixed_attachment1_diagnostic,0.151975,0.027497526666666668,0.151975
2025-03-02,fixed_attachment1_diagnostic,0.07229861111111112,0.008149646250000002,-0.046095833333333336
2025-03-03,fixed_attachment1_diagnostic,0.06774722222222224,0.007032841527777778,-0.045652777777777785
2025-03-04,fixed_attachment1_diagnostic,0.05707222222222224,0.005160784583333335,-0.034430555555555555
2025-03-05,fixed_attachment1_diagnostic,0.050589583333333334,0.003625349375,-0.028303472222222223
2025-03-06,fixed_attachment1_diagnostic,0.04984444444444445,0.003801443194444445,-0.025659722222222223
2025-03-07,fixed_attachment1_diagnostic,0.1576958333333333,0.029707297361111114,0.1576958333333333
2025-03-08,fixed_attachment1_diagnostic,0.16893402777777777,0.03491588048611111,0.16893402777777777
2025-03-09,fixed_attachment1_diagnostic,0.0432201388888889,0.002934583263888889,-0.017611805555555558
2025-03-10,fixed_attachment1_diagnostic,0.05545833333333334,0.0053793306944444445,-0.03625416666666667
2025-03-11,fixed_attachment1_diagnostic,0.04992083333333334,0.0038564801388888906,-0.02319583333333334
2025-03-12,fixed_attachment1_diagnostic,0.04352777777777778,0.0029349755555555562,-0.013970833333333337
2025-03-13,fixed_attachment1_diagnostic,0.05578611111111112,0.005091784305555556,-0.033440277777777784
2025-03-14,fixed_attachment1_diagnostic,0.17515625,0.036772298263888885,0.17481041666666666
2025-03-15,fixed_attachment1_diagnostic,0.1622222222222222,0.03219771166666666,0.16142499999999999
2025-03-16,fixed_attachment1_diagnostic,0.045496527777777775,0.0032422210416666666,-0.018697916666666665
2025-03-17,fixed_attachment1_diagnostic,0.038602083333333335,0.002484709097222223,0.00602152777777777
2025-03-18,fixed_attachment1_diagnostic,0.03935555555555556,0.002611493194444445,-0.009819444444444447
2025-03-19,fixed_attachment1_diagnostic,0.04047986111111111,0.002789232986111112,-0.0056409722222222234
2025-03-20,fixed_attachment1_diagnostic,0.04234652777777778,0.002790599375000001,-0.012440972222222227
2025-03-21,fixed_attachment1_diagnostic,0.19590694444444445,0.04631390888888889,0.19590694444444445
2025-03-22,fixed_attachment1_diagnostic,0.17880902777777777,0.03831658645833333,0.17880902777777777
2025-03-23,fixed_attachment1_diagnostic,0.03960625,0.002849190486111111,-0.0009812500000000014
2025-03-24,fixed_attachment1_diagnostic,0.04018611111111112,0.002591768333333335,-0.001288888888888898
2025-03-25,fixed_attachment1_diagnostic,0.03504513888888889,0.0019837329861111122,-0.005078472222222233
2025-03-26,fixed_attachment1_diagnostic,0.04260416666666667,0.0029374620833333338,0.009586111111111103
2025-03-27,fixed_attachment1_diagnostic,0.03868125000000001,0.0025191204861111116,-0.0002187500000000052
2025-03-28,fixed_attachment1_diagnostic,0.19142916666666665,0.045432820694444445,0.19142916666666665
2025-03-29,fixed_attachment1_diagnostic,0.20311458333333332,0.05208704354166666,0.20311041666666663
2025-03-30,fixed_attachment1_diagnostic,0.033031250000000005,0.0019107104861111116,0.014170138888888881
2025-03-31,fixed_attachment1_diagnostic,0.03647500000000001,0.002204160694444445,0.005493055555555549
2025-04-01,fixed_attachment1_diagnostic,0.04472708333333334,0.002990042569444445,-0.006911805555555561
2025-04-02,fixed_attachment1_diagnostic,0.04184513888888889,0.002697879930555556,-0.006122916666666672
2025-04-03,fixed_attachment1_diagnostic,0.03738611111111111,0.0022425594444444447,0.0017333333333333283
2025-04-04,fixed_attachment1_diagnostic,0.20669444444444446,0.05303221208333332,0.20669444444444446
2025-04-05,fixed_attachment1_diagnostic,0.19066875000000003,0.044337628680555546,0.19066875000000003
2025-04-06,fixed_attachment1_diagnostic,0.036136805555555554,0.0024394802083333336,0.010510416666666657
2025-04-07,fixed_attachment1_diagnostic,0.03463402777777777,0.002887044097222222,0.014481250000000001
2025-04-08,fixed_attachment1_diagnostic,0.03968958333333334,0.002486267291666668,0.014281250000000002
2025-04-09,fixed_attachment1_diagnostic,0.035937500000000004,0.001964986805555555,-7.361111111111495e-05
2025-04-10,fixed_attachment1_diagnostic,0.04025624999999999,0.0025242259027777776,0.008170138888888893
2025-04-11,fixed_attachment1_diagnostic,0.21471874999999999,0.05964977965277777,0.21471874999999999
2025-04-12,fixed_attachment1_diagnostic,0.20300902777777777,0.050238610625,0.20232986111111112
2025-04-13,fixed_attachment1_diagnostic,0.04029375000000001,0.0027849707638888895,0.00994236111111111
2025-04-14,fixed_attachment1_diagnostic,0.03744027777777778,0.002468076388888889,0.0196
2025-04-15,fixed_attachment1_diagnostic,0.045610416666666674,0.0036642695138888897,0.027664583333333333
2025-04-16,fixed_attachment1_diagnostic,0.032970833333333345,0.0019106401388888892,0.003843055555555553
2025-04-17,fixed_attachment1_diagnostic,0.03655069444444445,0.0022170479861111114,0.018429861111111105
2025-04-18,fixed_attachment1_diagnostic,0.20677708333333333,0.053204660347222224,0.20677708333333333
2025-04-19,fixed_attachment1_diagnostic,0.20822083333333333,0.05416405763888889,0.20822083333333333
2025-04-20,fixed_attachment1_diagnostic,0.036536111111111116,0.0027636600000000002,0.02075833333333333
2025-04-21,fixed_attachment1_diagnostic,0.04619652777777777,0.0037188320138888883,0.032245138888888886
2025-04-22,fixed_attachment1_diagnostic,0.035166666666666666,0.0019643704166666673,0.015238888888888889
2025-04-23,fixed_attachment1_diagnostic,0.04229305555555555,0.003123388888888889,0.018284722222222223
2025-04-24,fixed_attachment1_diagnostic,0.04908611111111111,0.004037985138888888,0.030012499999999998
2025-04-25,fixed_attachment1_diagnostic,0.22550555555555554,0.06356471749999999,0.22550555555555554
2025-04-26,fixed_attachment1_diagnostic,0.2283923611111111,0.06763684770833334,0.2283923611111111
2025-04-27,fixed_attachment1_diagnostic,0.046647916666666664,0.0037864914583333334,0.03241458333333332
2025-04-28,fixed_attachment1_diagnostic,0.03850208333333333,0.002429676458333333,0.00014513888888888525
2025-04-29,fixed_attachment1_diagnostic,0.047528472222222215,0.0037890753472222213,0.03581458333333333
2025-04-30,fixed_attachment1_diagnostic,0.05037986111111111,0.004750564791666666,0.03675486111111111
2025-05-01,fixed_attachment1_diagnostic,0.04973472222222222,0.004140677916666667,0.01887083333333333
2025-05-02,fixed_attachment1_diagnostic,0.17932222222222222,0.04129487208333334,0.17924583333333333
2025-05-03,fixed_attachment1_diagnostic,0.19637291666666665,0.049355745763888875,0.19637291666666665
2025-05-04,fixed_attachment1_diagnostic,0.04782013888888889,0.004126152847222222,0.02006875
2025-05-05,fixed_attachment1_diagnostic,0.03674583333333334,0.0021677623611111112,0.005736111111111104
2025-05-06,fixed_attachment1_diagnostic,0.04669305555555556,0.003513383888888889,0.012961111111111112
2025-05-07,fixed_attachment1_diagnostic,0.033527777777777774,0.0018357834722222226,0.007468055555555553
2025-05-08,fixed_attachment1_diagnostic,0.03731736111111111,0.0021906224305555553,0.004538194444444438
2025-05-09,fixed_attachment1_diagnostic,0.19945902777777777,0.05027759909722222,0.19945902777777777
2025-05-10,fixed_attachment1_diagnostic,0.19095347222222225,0.046301248819444446,0.19088958333333336
2025-05-11,fixed_attachment1_diagnostic,0.03396944444444444,0.0016948459722222224,0.005415277777777775
2025-05-12,fixed_attachment1_diagnostic,0.04725625,0.003925701597222223,0.01440902777777777
2025-05-13,fixed_attachment1_diagnostic,0.039077777777777774,0.0025079643055555554,0.00975138888888888
2025-05-14,fixed_attachment1_diagnostic,0.042597222222222224,0.002652600833333333,0.018645833333333334
2025-05-15,fixed_attachment1_diagnostic,0.04120347222222222,0.002709058402777777,0.01342013888888888
2025-05-16,fixed_attachment1_diagnostic,0.22081180555555557,0.06274139826388889,0.22081180555555557
2025-05-17,fixed_attachment1_diagnostic,0.19307291666666668,0.04794023868055555,0.19278125000000002
2025-05-18,fixed_attachment1_diagnostic,0.04276736111111111,0.0030584909027777784,0.015515972222222217
2025-05-19,fixed_attachment1_diagnostic,0.05106944444444444,0.004579174166666666,0.03443749999999999
2025-05-20,fixed_attachment1_diagnostic,0.038440277777777775,0.0023633733333333334,0.009615277777777775
2025-05-21,fixed_attachment1_diagnostic,0.043654861111111117,0.0031950477083333337,0.020372916666666664
2025-05-22,fixed_attachment1_diagnostic,0.04055138888888889,0.002317698055555555,0.020004166666666667
2025-05-23,fixed_attachment1_diagnostic,0.20922291666666668,0.05641393770833333,0.20922291666666668
2025-05-24,fixed_attachment1_diagnostic,0.2129923611111111,0.058794817847222215,0.2129923611111111
2025-05-25,fixed_attachment1_diagnostic,0.05343680555555555,0.004465450625,0.028235416666666673
2025-05-26,fixed_attachment1_diagnostic,0.04371111111111111,0.002986330277777777,0.013724999999999992
2025-05-27,fixed_attachment1_diagnostic,0.04167430555555555,0.003052936597222222,0.02327569444444444
2025-05-28,fixed_attachment1_diagnostic,0.044963194444444445,0.0035509310416666673,0.014929861111111112
2025-05-29,fixed_attachment1_diagnostic,0.03628472222222222,0.002064594027777778,0.006684722222222215
2025-05-30,fixed_attachment1_diagnostic,0.20520416666666666,0.05364105958333333,0.20520416666666666
2025-05-31,fixed_attachment1_diagnostic,0.20126180555555556,0.049578034652777776,0.1998423611111111
2025-06-01,fixed_attachment1_diagnostic,0.06221111111111112,0.006512928055555556,-0.052983333333333334
2025-06-02,fixed_attachment1_diagnostic,0.061840277777777786,0.005745670833333333,-0.04374861111111111
2025-06-03,fixed_attachment1_diagnostic,0.04831875000000001,0.003300035069444445,-0.040085416666666665
2025-06-04,fixed_attachment1_diagnostic,0.05543680555555555,0.005182169513888888,-0.047461805555555556
2025-06-05,fixed_attachment1_diagnostic,0.06383333333333334,0.005676028472222223,-0.055872222222222226
2025-06-06,fixed_attachment1_diagnostic,0.11836458333333333,0.02041640326388889,0.11691458333333335
2025-06-07,fixed_attachment1_diagnostic,0.11772847222222221,0.01966482868055555,0.11590902777777777
2025-06-08,fixed_attachment1_diagnostic,0.05314305555555555,0.0039358127777777765,-0.03088194444444445
2025-06-09,fixed_attachment1_diagnostic,0.06280208333333334,0.005899641875000002,-0.05305902777777779
2025-06-10,fixed_attachment1_diagnostic,0.05989861111111112,0.005287879166666667,-0.05062083333333333
2025-06-11,fixed_attachment1_diagnostic,0.07042847222222222,0.007368460902777778,-0.06549930555555555
2025-06-12,fixed_attachment1_diagnostic,0.06978749999999999,0.00712237375,-0.05578611111111112
2025-06-13,fixed_attachment1_diagnostic,0.12652916666666666,0.021202967638888886,0.12616805555555555
2025-06-14,fixed_attachment1_diagnostic,0.13436319444444444,0.025383624652777777,0.1293298611111111
2025-06-15,fixed_attachment1_diagnostic,0.06550069444444445,0.006211368680555556,-0.05162986111111112
2025-06-16,fixed_attachment1_diagnostic,0.06272222222222222,0.0062288351388888885,-0.05704444444444444
2025-06-17,fixed_attachment1_diagnostic,0.06915972222222222,0.00866521111111111,-0.06242916666666666
2025-06-18,fixed_attachment1_diagnostic,0.05979999999999999,0.0061730440277777765,-0.05385277777777778
2025-06-19,fixed_attachment1_diagnostic,0.052984027777777776,0.004009196180555555,-0.04171319444444444
2025-06-20,fixed_attachment1_diagnostic,0.14580416666666668,0.028883490694444444,0.14489027777777777
2025-06-21,fixed_attachment1_diagnostic,0.15869375,0.034186860624999996,0.15667152777777776
2025-06-22,fixed_attachment1_diagnostic,0.06138333333333333,0.006030673611111112,-0.04129444444444445
2025-06-23,fixed_attachment1_diagnostic,0.054856944444444444,0.004412451805555556,-0.038674999999999994
2025-06-24,fixed_attachment1_diagnostic,0.07942361111111113,0.009790854861111111,-0.0743375
2025-06-25,fixed_attachment1_diagnostic,0.06027152777777779,0.00600197826388889,-0.050149305555555565
2025-06-26,fixed_attachment1_diagnostic,0.05105069444444446,0.003839449652777779,-0.039777083333333345
2025-06-27,fixed_attachment1_diagnostic,0.16107708333333334,0.03484717229166666,0.16107708333333334
2025-06-28,fixed_attachment1_diagnostic,0.14529444444444445,0.028036600416666668,0.14320833333333333
2025-06-29,fixed_attachment1_diagnostic,0.06360208333333334,0.006563690902777777,-0.045629861111111114
2025-06-30,fixed_attachment1_diagnostic,0.052329861111111105,0.0042624584027777775,-0.04399097222222222
2025-07-01,fixed_attachment1_diagnostic,0.12622430555555553,0.023465710625,-0.12456458333333334
2025-07-02,fixed_attachment1_diagnostic,0.11583958333333334,0.01935461576388889,-0.10912430555555558
2025-07-03,fixed_attachment1_diagnostic,0.13908333333333334,0.027055949444444442,-0.1352388888888889
2025-07-04,fixed_attachment1_diagnostic,0.12425138888888891,0.023737071250000002,0.0758888888888889
2025-07-05,fixed_attachment1_diagnostic,0.11575208333333335,0.02091820173611111,0.08187847222222222
2025-07-06,fixed_attachment1_diagnostic,0.13531805555555557,0.02698789111111111,-0.1324736111111111
2025-07-07,fixed_attachment1_diagnostic,0.11824027777777779,0.020271252777777776,-0.11119305555555556
2025-07-08,fixed_attachment1_diagnostic,0.11941736111111112,0.022550932013888893,-0.11740625
2025-07-09,fixed_attachment1_diagnostic,0.1194826388888889,0.02182459284722222,-0.1129798611111111
2025-07-10,fixed_attachment1_diagnostic,0.11599652777777779,0.02193650784722222,-0.11131041666666668
2025-07-11,fixed_attachment1_diagnostic,0.10451041666666666,0.01819585173611111,0.059250694444444446
2025-07-12,fixed_attachment1_diagnostic,0.11358888888888889,0.020028395833333334,0.07191527777777777
2025-07-13,fixed_attachment1_diagnostic,0.0989361111111111,0.017081168055555554,-0.0880902777777778
2025-07-14,fixed_attachment1_diagnostic,0.11297083333333334,0.020703825416666665,-0.10601805555555555
2025-07-15,fixed_attachment1_diagnostic,0.11559722222222223,0.01997987125,-0.10591111111111112
2025-07-16,fixed_attachment1_diagnostic,0.11636458333333335,0.01967629729166667,-0.10960486111111112
2025-07-17,fixed_attachment1_diagnostic,0.11398611111111112,0.020085714305555558,-0.10862361111111112
2025-07-18,fixed_attachment1_diagnostic,0.10875555555555555,0.018654029444444442,0.07199444444444444
2025-07-19,fixed_attachment1_diagnostic,0.12506875,0.024039899652777776,0.08589791666666667
2025-07-20,fixed_attachment1_diagnostic,0.10567777777777779,0.01820624597222222,-0.10141527777777777
2025-07-21,fixed_attachment1_diagnostic,0.1164,0.02017434638888889,-0.11298194444444445
2025-07-22,fixed_attachment1_diagnostic,0.11392916666666666,0.020339111666666663,-0.10893611111111111
2025-07-23,fixed_attachment1_diagnostic,0.11320763888888889,0.01931370854166667,-0.10938680555555555
2025-07-24,fixed_attachment1_diagnostic,0.11979999999999998,0.021637705694444443,-0.11124861111111112
2025-07-25,fixed_attachment1_diagnostic,0.12353958333333331,0.02423528159722222,0.08922847222222223
2025-07-26,fixed_attachment1_diagnostic,0.11758680555555553,0.02113901256944444,0.07818819444444444
2025-07-27,fixed_attachment1_diagnostic,0.11222708333333332,0.019704060763888896,-0.11093402777777778
2025-07-28,fixed_attachment1_diagnostic,0.12272986111111112,0.021561277569444443,-0.12003958333333332
2025-07-29,fixed_attachment1_diagnostic,0.12320416666666666,0.023552044305555554,-0.11843055555555554
2025-07-30,fixed_attachment1_diagnostic,0.11837847222222224,0.020073507291666667,-0.11349930555555557
2025-07-31,fixed_attachment1_diagnostic,0.11829930555555555,0.021306812152777778,-0.11523402777777776
2025-08-01,fixed_attachment1_diagnostic,0.13317638888888889,0.02865429680555555,0.0998
2025-08-02,fixed_attachment1_diagnostic,0.1366736111111111,0.029850912916666663,0.10400972222222224
2025-08-03,fixed_attachment1_diagnostic,0.09437013888888887,0.01521067465277778,-0.06717152777777778
2025-08-04,fixed_attachment1_diagnostic,0.09358611111111109,0.014294247777777776,-0.07858749999999999
2025-08-05,fixed_attachment1_diagnostic,0.0977777777777778,0.0155060475,-0.07839861111111111
2025-08-06,fixed_attachment1_diagnostic,0.10924583333333333,0.017739458333333333,-0.0915513888888889
2025-08-07,fixed_attachment1_diagnostic,0.09791597222222222,0.015844302847222224,-0.07490763888888889
2025-08-08,fixed_attachment1_diagnostic,0.15437291666666664,0.037217762013888885,0.1282451388888889
2025-08-09,fixed_attachment1_diagnostic,0.14617222222222223,0.03323579069444444,0.11322222222222218
2025-08-10,fixed_attachment1_diagnostic,0.10083402777777778,0.016167207708333336,-0.08249375
2025-08-11,fixed_attachment1_diagnostic,0.08611597222222221,0.014694410902777776,-0.07343263888888889
2025-08-12,fixed_attachment1_diagnostic,0.1055375,0.017279268888888887,-0.09117361111111112
2025-08-13,fixed_attachment1_diagnostic,0.09874027777777777,0.015853284166666665,-0.08696805555555558
2025-08-14,fixed_attachment1_diagnostic,0.09403402777777778,0.014524093958333336,-0.08392291666666668
2025-08-15,fixed_attachment1_diagnostic,0.14823472222222223,0.034633355138888884,0.11498194444444446
2025-08-16,fixed_attachment1_diagnostic,0.14941597222222222,0.03677677854166666,0.11885625000000004
2025-08-17,fixed_attachment1_diagnostic,0.09242500000000001,0.014827724999999998,-0.07370277777777778
2025-08-18,fixed_attachment1_diagnostic,0.09947083333333334,0.01614281513888889,-0.08136388888888889
2025-08-19,fixed_attachment1_diagnostic,0.09129166666666666,0.01467463361111111,-0.07671805555555555
2025-08-20,fixed_attachment1_diagnostic,0.10457777777777778,0.018166311805555557,-0.10015138888888889
2025-08-21,fixed_attachment1_diagnostic,0.09622638888888889,0.014839116805555552,-0.0810097222222222
2025-08-22,fixed_attachment1_diagnostic,0.1323888888888889,0.02994980083333333,0.10572638888888888
2025-08-23,fixed_attachment1_diagnostic,0.13375208333333333,0.028307196458333326,0.10700069444444445
2025-08-24,fixed_attachment1_diagnostic,0.09543958333333331,0.01505560923611111,-0.07482430555555555
2025-08-25,fixed_attachment1_diagnostic,0.1024986111111111,0.017056627916666664,-0.09395972222222222
2025-08-26,fixed_attachment1_diagnostic,0.09539583333333333,0.014952134999999998,-0.07822083333333334
2025-08-27,fixed_attachment1_diagnostic,0.10050833333333335,0.017080030416666666,-0.08719027777777777
2025-08-28,fixed_attachment1_diagnostic,0.10365069444444443,0.01790710631944444,-0.09730763888888888
2025-08-29,fixed_attachment1_diagnostic,0.1278784722222222,0.02487071020833333,0.10168958333333332
2025-08-30,fixed_attachment1_diagnostic,0.14412083333333334,0.03425894958333333,0.11153472222222222
2025-08-31,fixed_attachment1_diagnostic,0.0870125,0.014044215416666665,-0.08034166666666669
2025-09-01,fixed_attachment1_diagnostic,0.038602083333333335,0.002735115625,0.01446458333333333
2025-09-02,fixed_attachment1_diagnostic,0.04194166666666667,0.002924738472222222,0.012204166666666667
2025-09-03,fixed_attachment1_diagnostic,0.05011388888888889,0.003951589444444443,0.005202777777777779
2025-09-04,fixed_attachment1_diagnostic,0.04525625,0.0037869592361111115,0.009199305555555549
2025-09-05,fixed_attachment1_diagnostic,0.20755694444444442,0.057836909166666665,0.20755694444444442
2025-09-06,fixed_attachment1_diagnostic,0.2006527777777778,0.05395284097222222,0.20048611111111111
2025-09-07,fixed_attachment1_diagnostic,0.04139305555555555,0.0028625986111111106,0.006883333333333329
2025-09-08,fixed_attachment1_diagnostic,0.041705555555555565,0.00259830625,-0.00732638888888889
2025-09-09,fixed_attachment1_diagnostic,0.05232083333333334,0.004672642361111111,0.014313888888888885
2025-09-10,fixed_attachment1_diagnostic,0.04230555555555556,0.002772146666666667,-0.01562638888888889
2025-09-11,fixed_attachment1_diagnostic,0.050043055555555556,0.004122158194444445,0.01313333333333333
2025-09-12,fixed_attachment1_diagnostic,0.19125208333333332,0.04830604729166666,0.19111180555555554
2025-09-13,fixed_attachment1_diagnostic,0.19968402777777777,0.053551888680555555,0.19968125
2025-09-14,fixed_attachment1_diagnostic,0.03804236111111112,0.002161632708333334,-0.009709027777777785
2025-09-15,fixed_attachment1_diagnostic,0.04946666666666666,0.004327308888888889,0.004470833333333327
2025-09-16,fixed_attachment1_diagnostic,0.03926180555555556,0.002474594375,-0.011749305555555565
2025-09-17,fixed_attachment1_diagnostic,0.04101875000000001,0.002447215208333334,-0.011857638888888892
2025-09-18,fixed_attachment1_diagnostic,0.03609097222222222,0.002190749930555555,-0.003628472222222225
2025-09-19,fixed_attachment1_diagnostic,0.17349097222222223,0.03875582340277777,0.17294513888888888
2025-09-20,fixed_attachment1_diagnostic,0.1790972222222222,0.04000103486111111,0.1787361111111111
2025-09-21,fixed_attachment1_diagnostic,0.044496527777777774,0.003221622430555555,-0.007652083333333335
2025-09-22,fixed_attachment1_diagnostic,0.04074652777777778,0.0029316604861111114,-0.01596875
2025-09-23,fixed_attachment1_diagnostic,0.04276041666666667,0.003177416180555556,-0.015554861111111115
2025-09-24,fixed_attachment1_diagnostic,0.04072361111111111,0.0026571219444444455,-0.009912500000000005
2025-09-25,fixed_attachment1_diagnostic,0.04133541666666666,0.002630586319444444,-0.01141041666666667
2025-09-26,fixed_attachment1_diagnostic,0.17338333333333333,0.03679987902777778,0.17338333333333333
2025-09-27,fixed_attachment1_diagnostic,0.16708263888888888,0.036964048680555556,0.16651319444444443
2025-09-28,fixed_attachment1_diagnostic,0.04152013888888889,0.0028271989583333336,-0.023190972222222227
2025-09-29,fixed_attachment1_diagnostic,0.04354583333333334,0.003034608055555556,-0.02156111111111111
2025-09-30,fixed_attachment1_diagnostic,0.04569097222222223,0.003488320486111113,-0.027627083333333333
2025-10-01,fixed_attachment1_diagnostic,0.05526944444444444,0.005572702916666668,0.028041666666666663
2025-10-02,fixed_attachment1_diagnostic,0.051866666666666665,0.00459212888888889,0.024224999999999993
2025-10-03,fixed_attachment1_diagnostic,0.20823263888888888,0.05480635465277778,0.20823263888888888
2025-10-04,fixed_attachment1_diagnostic,0.1805166666666667,0.040888022777777776,0.18036666666666668
2025-10-05,fixed_attachment1_diagnostic,0.046981944444444444,0.0038067733333333326,0.013636111111111104
2025-10-06,fixed_attachment1_diagnostic,0.04369791666666668,0.00308242826388889,-0.002292361111111121
2025-10-07,fixed_attachment1_diagnostic,0.042799305555555556,0.002784032569444445,0.00044375000000000046
2025-10-08,fixed_attachment1_diagnostic,0.04257430555555556,0.0032539952083333336,0.005511805555555553
2025-10-09,fixed_attachment1_diagnostic,0.05270208333333334,0.004122193402777779,0.00839374999999999
2025-10-10,fixed_attachment1_diagnostic,0.20666527777777777,0.05580006763888888,0.20666527777777777
2025-10-11,fixed_attachment1_diagnostic,0.18164583333333334,0.04191592680555555,0.18164583333333334
2025-10-12,fixed_attachment1_diagnostic,0.04269930555555557,0.0028915235416666677,-0.0001465277777777763
2025-10-13,fixed_attachment1_diagnostic,0.04765277777777778,0.0035232456944444446,0.001545833333333328
2025-10-14,fixed_attachment1_diagnostic,0.045698611111111107,0.003270342083333332,-0.006869444444444445
2025-10-15,fixed_attachment1_diagnostic,0.04670277777777779,0.0032390698611111115,-0.009858333333333334
2025-10-16,fixed_attachment1_diagnostic,0.050077777777777784,0.004139430833333334,-0.01602361111111111
2025-10-17,fixed_attachment1_diagnostic,0.17739097222222222,0.03905267673611111,0.17739097222222222
2025-10-18,fixed_attachment1_diagnostic,0.18366944444444444,0.04105540527777777,0.18312916666666668
2025-10-19,fixed_attachment1_diagnostic,0.048871527777777785,0.003873150625000001,-0.023163194444444445
2025-10-20,fixed_attachment1_diagnostic,0.051596527777777776,0.004076722430555556,-0.020929861111111114
2025-10-21,fixed_attachment1_diagnostic,0.05327708333333333,0.004323991736111111,-0.029109027777777772
2025-10-22,fixed_attachment1_diagnostic,0.05237986111111112,0.0046600932638888905,-0.026753472222222227
2025-10-23,fixed_attachment1_diagnostic,0.05404166666666667,0.004510137500000001,-0.015138888888888893
2025-10-24,fixed_attachment1_diagnostic,0.1698388888888889,0.03520941194444444,0.1698388888888889
2025-10-25,fixed_attachment1_diagnostic,0.16784236111111112,0.034159004930555556,0.16768819444444447
2025-10-26,fixed_attachment1_diagnostic,0.046680555555555565,0.003671765833333334,-0.02113333333333333
2025-10-27,fixed_attachment1_diagnostic,0.05605694444444445,0.004995666111111112,-0.01669861111111111
2025-10-28,fixed_attachment1_diagnostic,0.05280972222222222,0.004540055972222222,-0.026869444444444446
2025-10-29,fixed_attachment1_diagnostic,0.05914305555555556,0.005675619027777778,-0.040759722222222225
2025-10-30,fixed_attachment1_diagnostic,0.05230486111111112,0.004446453125000002,-0.025763194444444453
2025-10-31,fixed_attachment1_diagnostic,0.14846458333333334,0.02646666909722222,0.14846458333333334
2025-11-01,fixed_attachment1_diagnostic,0.1617451388888889,0.030951295763888893,0.16159375
2025-11-02,fixed_attachment1_diagnostic,0.05575555555555556,0.005301307083333333,-0.03604722222222222
2025-11-03,fixed_attachment1_diagnostic,0.060976388888888886,0.00568249638888889,-0.03927361111111111
2025-11-04,fixed_attachment1_diagnostic,0.05590902777777778,0.005249485902777779,-0.03138541666666667
2025-11-05,fixed_attachment1_diagnostic,0.06482083333333336,0.006638471250000003,-0.042758333333333336
2025-11-06,fixed_attachment1_diagnostic,0.07192430555555557,0.008003403819444447,-0.0488701388888889
2025-11-07,fixed_attachment1_diagnostic,0.1508590277777778,0.028189922847222222,0.15066319444444445
2025-11-08,fixed_attachment1_diagnostic,0.14922708333333334,0.02621327354166666,0.14885625000000002
2025-11-09,fixed_attachment1_diagnostic,0.06936597222222224,0.007424592847222223,-0.044120138888888896
2025-11-10,fixed_attachment1_diagnostic,0.07966597222222223,0.009329337291666668,-0.052775694444444445
2025-11-11,fixed_attachment1_diagnostic,0.06896458333333334,0.007344909375000002,-0.04766180555555556
2025-11-12,fixed_attachment1_diagnostic,0.07072847222222223,0.008109431319444445,-0.046197916666666665
2025-11-13,fixed_attachment1_diagnostic,0.07098750000000001,0.008085433194444446,-0.0523388888888889
2025-11-14,fixed_attachment1_diagnostic,0.13711875,0.02280953951388889,0.13711875
2025-11-15,fixed_attachment1_diagnostic,0.13742916666666666,0.023279288194444442,0.13742916666666666
2025-11-16,fixed_attachment1_diagnostic,0.0757701388888889,0.008969562430555557,-0.0543826388888889
2025-11-17,fixed_attachment1_diagnostic,0.07209375000000001,0.008405678125000003,-0.04965763888888889
2025-11-18,fixed_attachment1_diagnostic,0.0822763888888889,0.010356624861111115,-0.05571527777777779
2025-11-19,fixed_attachment1_diagnostic,0.0824763888888889,0.010078085833333335,-0.06281666666666667
2025-11-20,fixed_attachment1_diagnostic,0.07525,0.009330861527777781,-0.05498194444444445
2025-11-21,fixed_attachment1_diagnostic,0.13383958333333335,0.022076933680555556,0.13356319444444445
2025-11-22,fixed_attachment1_diagnostic,0.12968472222222222,0.02081515333333333,0.1295222222222222
2025-11-23,fixed_attachment1_diagnostic,0.08051111111111113,0.01001536166666667,-0.060297222222222224
2025-11-24,fixed_attachment1_diagnostic,0.06962152777777779,0.007902127847222225,-0.05485347222222223
2025-11-25,fixed_attachment1_diagnostic,0.08132152777777778,0.010400469236111114,-0.05792708333333333
2025-11-26,fixed_attachment1_diagnostic,0.0895201388888889,0.012564396180555555,-0.06373680555555555
2025-11-27,fixed_attachment1_diagnostic,0.08710694444444446,0.011745868888888893,-0.06236666666666668
2025-11-28,fixed_attachment1_diagnostic,0.1329548611111111,0.021106130208333334,0.13217291666666664
2025-11-29,fixed_attachment1_diagnostic,0.11689930555555554,0.017726672013888885,0.11575902777777777
2025-11-30,fixed_attachment1_diagnostic,0.09478263888888888,0.014545910069444445,-0.07340208333333334
2025-12-01,fixed_attachment1_diagnostic,0.1441097222222222,0.03189505097222222,-0.14140833333333333
2025-12-02,fixed_attachment1_diagnostic,0.1507513888888889,0.03496973222222223,-0.14911666666666668
2025-12-03,fixed_attachment1_diagnostic,0.14902708333333334,0.03377610020833333,-0.1458354166666667
2025-12-04,fixed_attachment1_diagnostic,0.14230208333333336,0.03203395784722223,-0.13888819444444447
2025-12-05,fixed_attachment1_diagnostic,0.07506319444444445,0.007852929930555554,0.049020138888888884
2025-12-06,fixed_attachment1_diagnostic,0.0745923611111111,0.008389322013888888,0.03900069444444444
2025-12-07,fixed_attachment1_diagnostic,0.14763888888888888,0.03459850486111111,-0.1439111111111111
2025-12-08,fixed_attachment1_diagnostic,0.14518333333333333,0.03280643569444445,-0.14231805555555554
2025-12-09,fixed_attachment1_diagnostic,0.14584652777777776,0.033376607291666666,-0.13957986111111112
2025-12-10,fixed_attachment1_diagnostic,0.15526319444444445,0.03770214951388889,-0.14996180555555555
2025-12-11,fixed_attachment1_diagnostic,0.1385826388888889,0.030418234513888896,-0.13143680555555556
2025-12-12,fixed_attachment1_diagnostic,0.07241319444444444,0.008013442986111112,0.04241736111111111
2025-12-13,fixed_attachment1_diagnostic,0.06879652777777777,0.00713081659722222,0.03650069444444443
2025-12-14,fixed_attachment1_diagnostic,0.158225,0.03943123513888889,-0.1545402777777778
2025-12-15,fixed_attachment1_diagnostic,0.15291527777777777,0.03798222416666667,-0.14824305555555556
2025-12-16,fixed_attachment1_diagnostic,0.1485388888888889,0.03506146680555555,-0.1447166666666667
2025-12-17,fixed_attachment1_diagnostic,0.14640833333333333,0.03384105597222223,-0.1426125
2025-12-18,fixed_attachment1_diagnostic,0.14816527777777777,0.03519287027777778,-0.14328055555555555
2025-12-19,fixed_attachment1_diagnostic,0.07286527777777776,0.007486402083333331,0.04110277777777779
2025-12-20,fixed_attachment1_diagnostic,0.06745972222222223,0.0073566040277777784,0.04722638888888889
2025-12-21,fixed_attachment1_diagnostic,0.14804027777777776,0.03523835194444445,-0.14387916666666667
2025-12-22,fixed_attachment1_diagnostic,0.15521319444444442,0.03759444993055556,-0.15308819444444444
2025-12-23,fixed_attachment1_diagnostic,0.14881805555555555,0.03502208875,-0.14649166666666666
2025-12-24,fixed_attachment1_diagnostic,0.14667361111111113,0.03406400375000001,-0.14206805555555554
2025-12-25,fixed_attachment1_diagnostic,0.15170069444444445,0.035733959097222226,-0.1440548611111111
2025-12-26,fixed_attachment1_diagnostic,0.07238472222222221,0.00802572236111111,0.04242222222222222
2025-12-27,fixed_attachment1_diagnostic,0.07582916666666666,0.00854770236111111,0.044969444444444444
2025-12-28,fixed_attachment1_diagnostic,0.14587777777777777,0.03376515805555556,-0.13969444444444445
2025-12-29,fixed_attachment1_diagnostic,0.1441965277777778,0.03276393465277778,-0.1403340277777778
2025-12-30,fixed_attachment1_diagnostic,0.14048888888888889,0.03119805736111111,-0.13426111111111108
2025-12-31,fixed_attachment1_diagnostic,0.1496451388888889,0.03635941979166667,-0.14404652777777777
