plan_day,block_index,charge_kwh,discharge_kwh
2025-03-20,0,5544.3281240153865,134.1928916666667
2025-03-20,1,1125.0986266666669,5214.823951666667
2025-03-20,2,3712.5187325382253,2777.3772166666668
2025-03-20,3,4615.925693395062,368.8455249999996
2025-03-20,4,109.95512567900994,5829.185477562343
2025-03-20,5,3638.2454333333326,1231.4824464102715
2025-06-21,0,208.5259533333334,1188.190845483337
2025-06-21,1,377.4047849999999,4456.262528333333
2025-06-21,2,9817.364490061731,0.0
2025-06-21,3,0.0,0.0
2025-06-21,4,44.95781893004094,4206.322683333333
2025-06-21,5,5045.4334266666665,2192.081363333336
2025-09-23,0,6198.809187448558,129.19843333333324
2025-09-23,1,1062.288295625,6233.087957083338
2025-09-23,2,5539.269420902778,1896.6157166666662
2025-09-23,3,5092.198128820055,615.8871250000004
2025-09-23,4,149.2421183333331,5947.703603483334
2025-09-23,5,3395.2220166666666,2338.2508717650812
2025-12-21,0,6055.81328163477,168.0163833333337
2025-12-21,1,1581.7420616255222,1684.1505383333326
2025-12-21,2,6463.028111666666,6435.626598333332
2025-12-21,3,5161.912009732511,2230.3386499999997
2025-12-21,4,68.06481481481529,5524.801334133331
2025-12-21,5,3843.688266666666,2901.449866666667
