plan_day,base_cost_yuan,up_cost_yuan,down_cost_yuan,ordinary_cost_yuan,emergency_cost_yuan,total_cost_yuan,q0_kwh,qfinal_kwh,u_kwh,r_kwh,charge_kwh,discharge_kwh,emergency_kwh,unused_supply_kwh,initial_soc_kwh,end_soc_kwh,asset_adjusted_cost_yuan,interval_count
2025-02-01,23284.283285284986,0.0,0.0,23284.283285284986,0.0,23284.283285284986,45163.39259558244,45163.39259558244,0.0,0.0,19824.02535375857,15544.326442599999,0.0,6505.517751090531,3717.3494902037037,4287.498483475305,23017.225496836567,144
2025-02-02,56243.01542461002,0.0,0.0,56243.01542461002,0.0,56243.01542461002,89291.5768882048,89291.5768882048,0.0,0.0,22529.396372887524,17442.127959230038,0.0,5848.030524547319,4287.498483475305,5183.813042151806,55823.181685325944,144
2025-02-03,55661.755446493415,0.0,0.0,55661.755446493415,0.0,55661.755446493415,88157.08978168317,88157.08978168317,0.0,0.0,22244.774923905392,18062.827504999997,0.0,3758.2258627777865,5183.813042151806,5134.302134777778,55684.94635550741,144
2025-02-04,55916.54225231742,0.0,0.0,55916.54225231742,0.0,55916.54225231742,88022.13340152653,88022.13340152653,0.0,0.0,22738.78669316873,18700.574103349994,0.0,2789.0568617078025,5134.302134777778,4820.794488240755,56063.389233955364,144
2025-02-05,56480.214006853545,1399.1220362214272,-1299.296987750043,56580.03905532493,0.0,56580.03905532493,89429.36002114686,86880.3157224158,727.3705614721414,3276.4148602031855,23055.42968992183,18803.052644366664,0.0,1879.511693527311,4820.794488240755,4678.400493207441,56646.73640259854,144
2025-02-06,56441.53844696557,410.1384486955009,-1092.039130603138,55759.63776505793,0.0,55759.63776505793,89149.01032965888,86145.74272169937,217.95809969791907,3221.2257076574333,22429.6948430317,18273.699188980114,0.0,1718.6898509811213,4678.400493207441,4561.015641958073,55814.62082938314,144
2025-02-07,21141.546771827445,0.0,-479.9691786254971,20661.57759320195,0.0,20661.57759320195,40819.1287880236,38910.91789327247,0.0,1908.2108947511324,18667.37363395605,16024.578214927777,0.0,4462.44280757753,4561.015641958073,3556.565007043213,21132.06227059607,144
2025-02-08,20546.33034613223,1268.7750335137512,-177.89226097623222,21637.213118669748,0.0,21637.213118669748,40006.057140656376,40390.41912555972,722.3078948935674,337.9459099902246,20461.406980816188,15065.853852495835,0.0,3417.703280572699,3556.565007043213,5231.993675893517,20852.442330180267,144
2025-02-09,52997.972178716256,3206.97099078169,-205.42869884458887,55999.51447065336,0.0,55999.51447065336,84505.24235408971,86621.32428870192,2819.0231209367953,702.9411863245971,22405.885934562746,17967.071078566656,0.0,2627.0934660391586,5231.993675893517,5433.878707481487,55904.951521857554,144
2025-02-10,54830.93450046042,0.0,-1662.6330443063957,53168.301456154026,0.0,53168.301456154026,87096.99798448497,81391.3163469119,0.0,5705.681637573066,19616.92616209816,16557.719493172222,0.0,4005.4720946526427,5433.878707481487,4691.646149845135,53515.96318615089,144
2025-02-11,53023.864637463754,0.0,-1367.0157001748667,51656.84893728889,961.1247760093895,52617.97371329828,84374.77907765287,80307.12974707241,0.0,4067.649330580456,22013.895240352114,17734.597428379166,143.11720276319613,950.3520045293253,4691.646149845135,4799.043612407409,52567.66874183411,144
2025-02-12,52436.34998125397,2597.031460520694,-1393.396210820139,53639.985230954524,438.37100361906687,54078.35623457359,84014.2610600251,81062.90348532486,1310.964793054168,4262.322367754417,21507.917664874818,17684.560689509024,78.81244481458528,2051.6228214403222,4799.043612407409,4506.6576335624995,54215.30982706455,144
2025-02-13,53049.01095635566,0.0,-2134.622395518815,50914.388560836844,618.1026606396144,51532.49122147646,84823.01974011419,77895.5822751516,0.0,6927.437464962593,20043.29287348096,16173.760416475832,105.77478823611284,2802.3455897159215,4506.6576335624995,4574.776312500001,51500.584432262134,144
2025-02-14,18757.95640364028,0.0,0.0,18757.95640364028,0.0,18757.95640364028,35899.78225682927,35899.78225682927,0.0,0.0,18514.55736886831,14939.508908694957,0.0,2522.931979989252,4574.776312500001,4638.423601487082,18728.144013478734,144
2025-02-15,18499.585448133344,923.8973081235755,0.0,19423.48275625692,0.0,19423.48275625692,35664.353922550355,36199.19720853022,534.8432859798602,0.0,17945.55273810429,14581.716182722223,0.0,3555.2695531481518,4638.423601487082,4587.514196089591,19447.328721745103,144
2025-02-16,48640.621741779905,3001.407844381139,-31.342025593625017,51610.68756056742,524.0310905311305,52134.718651098556,78457.47316202408,80139.80129561691,1776.3841745650534,94.05604097222226,22685.52569223705,18156.23003514056,126.65293468610994,359.7794732065389,4587.514196089591,4830.898391168981,52020.71749412337,144
2025-02-17,49662.29285138723,821.9615163826691,-1149.301859648876,49334.95250812102,0.0,49334.95250812102,80288.95214759979,76310.91726013672,469.85171652473963,4447.886603987816,19768.700474445308,16342.672077176387,0.0,1701.0256962011285,4830.898391168981,4464.2042879737655,49506.71202605766,144
2025-02-18,48895.607042291245,1518.0479624200586,-620.0537700863765,49793.601234624926,0.0,49793.601234624926,79291.65161245516,77747.18375536567,858.3468940946857,2402.8147511841635,22085.271947119654,17249.891977934974,0.0,820.4160028476632,4464.2042879737655,5174.4023982314775,49460.944439780214,144
2025-02-19,46183.69810196055,3071.05600969309,-259.0971493931316,48995.65696226051,4757.062344621049,53752.71930688156,75196.68951131236,77012.93367793638,2907.184582874025,1090.9404162499986,22691.303545239924,19413.14030896933,990.3675520946642,1845.8106104271264,5174.4023982314775,4026.4196900925917,54290.43440737382,144
2025-02-20,47292.91512903128,1828.428258646459,-639.6964408391084,48481.64694683863,38.418800339999464,48520.065747178625,77039.95625443682,76626.235301111,1547.7089551715253,1961.4299084973545,22084.723555364377,17551.7516381757,8.202134999999885,1108.331785588994,4026.4196900925917,4400.724625280858,48344.74131553644,144
2025-02-21,17745.463934618743,563.4124264584859,0.0,18308.87636107723,0.0,18308.87636107723,34288.693327818924,34806.8882965106,518.1949686916723,0.0,17336.43459557542,13865.530193852195,0.0,5775.721861454043,4400.724625280858,4597.371101462961,18216.767151633532,144
2025-02-22,17409.788795975022,1545.2951059291208,0.0,18955.083901904145,37.90471856874784,18992.988620472894,33664.41700502345,34857.22859244568,1192.811587422222,0.0,17393.997480048256,13989.376371419443,6.9194447916662725,3614.7640452752003,4597.371101462961,4708.217309707004,18941.068256531384,144
2025-02-23,47190.26053744681,1236.2063257885372,-514.783550124289,47911.68331311106,0.0,47911.68331311106,76887.58046445638,76143.0472719866,1001.5669837527781,1746.1001762225544,21983.885712624084,18081.72694303889,0.0,709.0348190680751,4708.217309707004,4402.906736581022,48054.690785563274,144
2025-02-24,47878.02858365288,1156.0874436704537,-1271.7539311018936,47762.36209622144,331.087809505277,48093.44990572672,77777.84248021824,74899.60334909338,719.880871996527,3598.120003121398,22706.17980155864,17854.479402136112,72.39045756944427,1917.2597905736257,4402.906736581022,5000.158111165892,47813.69736187116,144
2025-02-25,45931.467605424354,806.7884174853824,-1211.443357091646,45526.81266581809,349.71756437791583,45876.53023019601,74750.81121720823,71437.05324033694,513.9061594896971,3827.6641363609783,21112.817626606207,17519.417537916663,78.47479416666647,2100.804712480738,5000.158111165892,4535.67448853741,46094.09435903519,144
2025-02-26,45187.32194629849,1452.030672772726,-41.743940572125375,46597.60867849909,0.0,46597.60867849909,73579.83144081524,74602.72254952976,1201.5149173348118,178.62380862027985,21954.82569303456,17401.498659375,0.0,1234.5474825368744,4535.67448853741,4960.019101851851,46398.84566162261,144
2025-02-27,44367.167867226504,833.4789554366423,-406.80486830317466,44793.841954359974,4297.727332799163,49091.56928715914,72512.01588728705,71599.91102293642,472.8803765318619,1384.9852408825082,22174.67443474916,18276.32975315564,889.0695463499993,1634.0516876929012,4960.019101851851,4610.1930340642775,49255.42781731084,144
2025-02-28,17127.997741191346,0.0,0.0,17127.997741191346,0.0,17127.997741191346,33286.16553323413,33286.16553323413,0.0,0.0,17223.377472068496,14099.86157709877,0.0,6870.0560882644095,4610.1930340642775,4444.719895482853,17205.505359302886,144
2025-03-01,17101.9040984519,997.6909309577443,-138.0327847076767,17961.56224470197,0.0,17961.56224470197,33259.11105441534,33559.0745517557,563.5546257792537,263.5911284388892,16594.905629614448,13335.874701891664,0.0,6641.277690699589,4444.719895482853,4562.496404478448,17906.395727888434,144
2025-03-02,44949.44441405749,8326.269063780703,-404.71643171106604,52870.99704612712,0.0,52870.99704612712,73328.25184567593,77527.15541878817,6000.424851374422,1801.5212782621686,19644.212790856385,15904.820799420802,0.0,1429.4563606859292,4562.496404478448,4570.264805781638,52867.35832695671,144
2025-03-03,47149.922928363034,3171.210154477541,-543.2783028873013,49777.85477995327,0.0,49777.85477995327,76171.76617810364,76932.38134355842,2256.142732781254,1495.5275673264712,22810.302485755892,18497.320599804163,0.0,602.252824273364,4570.264805781638,4546.958598735091,49788.77140733387,144
2025-03-04,49562.06856263963,2440.0212080486567,-2770.273540807806,49231.81622988048,1329.2643873377745,50561.08061721826,79528.08543609973,72221.24114307632,1229.9584781791646,8536.802771202576,19946.686268032823,16800.579344315298,236.6447002245371,112.32098624999992,4546.958598735091,3831.66585739208,50896.123737263326,144
2025-03-05,49014.541961324205,3579.0378034720134,-3513.0839184085357,49080.49584638768,30.55806053333323,49111.05390692101,78896.01888491893,70680.65185394757,1805.1583626333327,10020.525393604688,21273.44896951989,16876.62488161399,6.6182999999999765,159.97404937499948,3831.66585739208,4225.96450594445,48926.364419939084,144
2025-03-06,46986.87812783754,3845.5426519704924,-2470.7402868847885,48361.680492923246,434.60681904597163,48796.287311969216,75677.66779861423,71230.80161122006,1992.5479529585793,6439.414140352748,21672.791070276053,16860.233477229864,80.91730013888878,558.5071849794301,4225.96450594445,4997.883716715278,48434.72035364416,144
2025-03-07,16707.019355336495,1618.56018949704,-308.7220150336599,18016.857529799872,0.0,18016.857529799872,32389.86739203477,32723.738114711854,927.7157874687539,593.845064791667,15094.413930913064,12445.722420795137,0.0,9152.761071260595,4997.883716715278,4754.275786986882,18130.963484084652,144
2025-03-08,16400.167424448697,0.0,0.0,16400.167424448697,0.0,16400.167424448697,31803.74232327161,31803.74232327161,0.0,0.0,15554.173094582477,12813.359858783333,0.0,9999.7895708058,4754.275786986882,4515.96506235185,16511.792167867745,144
2025-03-09,45278.424244522546,1654.5392176626606,-1986.2726566739268,44946.69080551128,0.0,44946.69080551128,73949.07156720487,68178.02317853246,1523.056151633137,7294.104540305555,21576.143563338417,17468.38787753745,0.0,736.7424427314886,4515.96506235185,4525.174405425931,44942.37714921538,144
2025-03-10,44242.8045599863,286.96672175066044,0.0,44529.77128173697,95.18552771250178,44624.95680944947,71808.48527890872,71977.34472565011,168.85944674139785,0.0,20890.545735349035,17142.102095290593,13.64471440832881,200.47434999999905,4525.174405425931,4279.8854613616195,44739.85015084919,144
2025-03-11,46483.80551199415,85.59995867706887,-1958.7957561990142,44610.60971447221,0.0,44610.60971447221,75427.95518518251,69601.2160646183,52.20116457431243,5878.940285138527,21659.9420429547,17022.61979075323,0.0,1024.9750124168352,4279.8854613616195,4859.81131029503,44338.9724468318,144
2025-03-12,44480.989824558266,1378.4067128643924,-1944.2414298915467,43915.155107531114,0.0,43915.155107531114,72343.27020543942,66249.7731274909,711.6157565037358,6805.112834452255,19528.998280772135,16460.157423281235,0.0,745.3975866666664,4859.81131029503,4146.845959344134,44249.10807791651,144
2025-03-13,42015.00511549188,5151.839837284687,-66.60950193605161,47100.23545084051,30.869492095917188,47131.10494293643,68762.58368674875,73487.26188464242,4994.961081603362,270.2828837097034,20377.048022382958,16478.94959237325,5.049810583333419,2048.595248549378,4146.845959344134,4176.2451879629625,47117.33434425137,144
2025-03-14,15815.891781939667,581.8071228517903,0.0,16397.698904791458,0.0,16397.698904791458,30597.02533635802,30961.240896930765,364.2155605727427,0.0,16210.912577908952,12501.266031677773,0.0,11222.168367366252,4176.2451879629625,4875.7709173279345,16070.041053156905,144
2025-03-15,15564.59092838859,0.0,0.0,15564.59092838859,292.5383627254778,15857.129291114068,29989.951546776996,29989.951546776996,0.0,0.0,15277.631517285232,12988.06809774618,76.33058540382022,6852.593562641765,4875.7709173279345,4194.452507611112,16176.258834225428,144
2025-03-16,42542.686489521955,2078.748179034287,-317.1374289453821,44304.29723961086,7.461179999999938,44311.75841961086,69565.76418822094,70122.36265332218,1769.3543834817256,1212.755918380485,20786.7034265368,16372.984735480557,1.6399999999999864,2359.2370289326154,4194.452507611112,4710.280329849171,44070.144667674555,144
2025-03-17,44062.60580262148,529.0548601037428,-2446.5734830146603,42145.087179710565,0.0,42145.087179710565,71225.55294021625,63336.990487225165,377.0712504942916,8265.633703485382,20782.016322198226,16214.813463607317,0.0,911.6561953009269,4710.280329849171,5397.6356158194485,41823.12996376208,144
2025-03-18,41288.81380117294,1112.2213176735488,-967.9284284420723,41433.10669040441,0.0,41433.10669040441,67681.73524252968,65102.1453403409,854.2910406581487,3433.8809428469335,19894.265590104813,16910.597959055747,0.0,992.5193426251766,5397.6356158194485,4512.921359074069,41847.50684826395,144
2025-03-19,40501.41660552772,1050.464427624864,-500.6887319753688,41051.192301177216,0.0,41051.192301177216,67157.87621143882,65957.40458580936,981.9680299917009,2182.439655621157,21514.915204841403,17107.207209965276,0.0,2084.226140933236,4512.921359074069,4868.337032358806,40884.71559981065,144
2025-03-20,38952.9422408185,2974.929675178155,0.0,41927.87191599666,0.0,41927.87191599666,63553.6176615427,66508.5468361514,2954.929174608702,0.0,20642.55084217849,17071.59932977623,0.0,728.633507082482,4868.337032358806,4478.189090568076,42110.617211931436,144
2025-03-21,14819.178845659724,1688.642268434847,-13.526252362334365,16494.294861732236,0.0,16494.294861732236,28660.870723583335,29922.722424761923,1294.2717701702582,32.4200689916681,14941.702738525035,11997.076913216546,0.0,14944.632082786768,4478.189090568076,4595.636096111111,16439.282684335878,144
2025-03-22,15166.932398112142,856.7541291523818,0.0,16023.686527264525,0.0,16023.686527264525,29342.738945297162,30007.40026719097,664.6613218938071,0.0,14824.151564251864,11675.629649702838,0.0,10977.678619308608,4595.636096111111,4964.450670934633,15850.933780417186,144
2025-03-23,39608.77353266244,3548.300453705127,-906.343082160445,42250.73090420712,0.0,42250.73090420712,64787.120304748736,64656.57876406384,3300.716996073679,3431.2585367585784,18807.855649538913,15398.407090658537,0.0,2477.410088516795,4964.450670934633,4782.179543676832,42336.106700214674,144
2025-03-24,40066.97567952747,1526.910164618169,-1036.8736362813456,40557.012207864296,0.0,40557.012207864296,65733.94812634923,63557.20707254958,1334.4861341544297,3511.2271879540795,20857.081208104395,16946.072333134547,0.0,1647.7011142464012,4782.179543676832,4724.58337193241,40583.99025470938,144
2025-03-25,38696.20877919811,2292.538067371036,-216.5649851785198,40772.18186139062,0.0,40772.18186139062,64139.691084092905,65366.65728770241,2100.0400443065837,873.0738406970753,20838.836811040343,17378.11027926385,0.0,955.8060392592552,4724.58337193241,4170.525080464441,41031.70276511422,144
2025-03-26,37388.94569266135,2579.12352779911,-569.5281073651631,39398.5411130953,0.0,39398.5411130953,61934.84173130383,62321.53947762517,2749.012668474977,2362.3149221536396,21179.34122298762,16720.93621217222,0.0,2270.5796001431104,4170.525080464441,4653.1141676286115,39172.496384667604,144
2025-03-27,38909.81420061177,1043.7611926324903,-123.01789564627234,39830.55749759799,0.0,39830.55749759799,64279.23547284732,64546.39483464065,812.4719073991857,545.3125456058564,19980.56529185909,16262.025157929424,0.0,2110.8653007109892,4653.1141676286115,4566.706088157981,39871.031042022034,144
2025-03-28,14502.350741465249,109.49588943776797,-11.299603709604089,14600.547027193414,0.0,14600.547027193414,28513.83300358914,28590.892957556418,101.23778188394607,24.1778279166665,15135.660384659095,12193.168496032717,0.0,14826.520302263376,4566.706088157981,4640.835438759259,14565.824839371775,144
2025-03-29,14597.79388022458,1249.416273242748,-20.306524245583294,15826.903629221746,0.0,15826.903629221746,28524.23275644033,29360.09439291255,878.5374398055532,42.67580333333325,14492.787595543643,11505.610860223687,0.0,18665.70847425926,4640.835438759259,4900.332207833336,15705.355342587449,144
2025-03-30,39250.41101671294,447.3709123097151,-1553.6978539246572,38144.084075098,1380.9795218577665,39525.06359695576,64095.77532727364,59676.8821334778,301.9564201049651,4720.849613900801,19368.978370282923,16146.91422884167,197.96151402777616,1307.159806064326,4900.332207833336,4391.396931263888,39763.448880500895,144
2025-03-31,36771.03341887794,2641.2509180089805,-342.4412948118548,39069.84304207507,0.0,39069.84304207507,59996.690986547175,61443.2997747874,2940.583023133923,1493.974234893697,18711.9154127155,14900.106831402889,0.0,680.1017101414612,4391.396931263888,4676.446545593527,38936.32580272306,144
2025-04-01,35945.03643295798,8405.382519754066,-440.67740357833316,43909.741549133716,0.0,43909.741549133716,59554.83341198826,66175.10092318179,8620.500544526863,2000.2330333333327,17090.31660676508,13992.69258034723,0.0,2868.6253800972722,4676.446545593527,4510.295291296295,43987.56679664654,144
2025-04-02,35322.085160777104,11725.564326973601,-845.2414846535512,46202.40800309715,864.3364365978181,47066.74443969497,58375.1428141454,66911.06835084638,11405.041392544437,2869.115855843453,17133.327748159678,14042.73584125934,127.9685251991807,3513.109569145237,4510.295291296295,4327.25044101852,47152.482647565084,144
2025-04-03,38706.104826966446,1314.525654257949,-1123.0025575990574,38897.62792362534,0.0,38897.62792362534,65335.14785933668,61485.609931747065,1165.3840227936244,5014.921950383235,21212.022644607358,16853.135520751646,0.0,1263.1925412246912,4327.25044101852,4692.364686996647,38726.60841080918,144
2025-04-04,14229.767781686367,0.0,0.0,14229.767781686367,0.0,14229.767781686367,28108.83727747992,28108.83727747992,0.0,0.0,14071.16313677471,11263.874337667834,0.0,18870.746228373046,4692.364686996647,4840.995579351857,14160.149071707187,144
2025-04-05,13957.309641411455,0.0,0.0,13957.309641411455,128.67970446048164,14085.989345871938,27743.172686747315,27743.172686747315,0.0,0.0,14031.249947652084,11808.699720452682,27.578162121834897,13504.085638336413,4840.995579351857,4348.343065069093,14316.747783561985,144
2025-04-06,38119.29544722676,631.8228638568742,-714.3527889834168,38036.76552210021,0.0,38036.76552210021,63353.65198140511,60647.941734396285,556.5662979911723,3262.2765450000006,19275.51847885071,15286.13085609792,0.0,2248.4778449768355,4348.343065069093,4711.719855925928,37866.55983326287,144
2025-04-07,36348.535481523104,0.0,0.0,36348.535481523104,0.0,36348.535481523104,60236.067330399695,60236.067330399695,0.0,0.0,18941.285157510283,15625.231744476836,0.0,3677.294634032921,4711.719855925928,4397.507892710924,36495.71236509301,144
2025-04-08,34775.25992919699,2693.17160125933,0.0,37468.43153045632,0.0,37468.43153045632,57541.38594857368,60230.837723545075,2689.4517749713905,0.0,20888.99183433065,17012.009295284024,0.0,2000.6615678317899,4397.507892710924,4295.367993292925,37516.27385934371,144
2025-04-09,36103.07974008345,4354.94151473266,0.0,40458.021254816114,0.0,40458.021254816114,60164.88941081643,65268.15967167502,5103.270260858594,0.0,20137.1615290864,16165.895450440281,0.0,2162.5825763622406,4295.367993292925,4456.707313425924,40382.44991726582,144
2025-04-10,37607.031018540656,1107.245743013688,-138.43044978260417,38575.84631177174,610.9661718399041,39186.81248361164,63356.93262507312,64264.7550132084,1496.1744158436159,588.3520277083334,21409.939395864196,17336.222853733332,91.50980656391982,5821.910377641457,4456.707313425924,4463.182932222224,39183.77930376746,144
2025-04-11,13553.592246935861,213.50920871583227,0.0,13767.101455651693,0.0,13767.101455651693,27060.69714379835,27239.799787167794,179.10264336944493,0.0,14149.446456733858,11482.228622721068,0.0,19255.931786488338,4463.182932222224,4439.652940259286,13778.122903887133,144
2025-04-12,14120.429910209225,0.0,0.0,14120.429910209225,0.0,14120.429910209225,27993.34879555553,27993.34879555553,0.0,0.0,13614.737394444415,10579.28808333333,0.0,15932.738934444444,4439.652940259286,4938.152058222225,13886.932923355384,144
2025-04-13,35530.10236448194,620.5827600344502,0.0,36150.68512451639,0.0,36150.68512451639,59116.20995980761,59460.70772891108,344.4977691034735,0.0,19833.478097448326,16359.265019627775,0.0,1710.1361677572017,4938.152058222225,4611.321213005968,36303.77269241569,144
2025-04-14,35050.31582343998,81.00430781785474,-95.66099317600052,35035.659138081835,0.0,35035.659138081835,58692.95357188991,58341.817502217,59.250001438199206,410.3860711111133,20161.25802902416,16458.907518583335,0.0,2111.435191776175,4611.321213005968,4468.778418479562,35102.426183038006,144
2025-04-15,34493.377953893534,0.0,0.0,34493.377953893534,0.0,34493.377953893534,57440.376884978396,57440.376884978396,0.0,0.0,20178.147055958925,16168.568213516668,0.0,3291.369209202803,4468.778418479562,4664.034976046296,34401.91978232928,144
2025-04-16,35195.02461481461,1831.3657188822267,-277.6229267370753,36748.76740695976,0.0,36748.76740695976,59191.805844165225,60288.846763970796,2347.8550438642155,1250.8141240586424,20744.528749598765,16714.73447876605,0.0,479.46054313808656,4664.034976046296,4762.18365205624,36702.7945671167,144
2025-04-17,36222.23312802296,133.78598096499914,-729.2200672103487,35626.79904177761,104.20389567010784,35731.002937447716,61100.75182566509,58166.614754850445,123.56674403882758,3057.7038148534734,19681.778800297805,16168.56015584184,17.763396176247443,1802.817156570728,4762.18365205624,4510.717732499999,35848.78957416786,144
2025-04-18,13150.088428113055,41.48850560683719,-23.639543284302174,13167.93739043559,0.0,13167.93739043559,26709.45722915,26692.97803251389,34.609805447221284,51.089002083333526,14315.8477751629,11256.332400569445,0.0,17279.3454745871,4510.717732499999,4887.944729513891,12991.244265034284,144
2025-04-19,13017.554040304181,378.1068719722056,-27.78834679968718,13367.872565476699,0.0,13367.872565476699,26121.189748766665,26364.22641640139,301.8818007597243,58.845133124999336,14271.362610057931,11461.482462223608,0.0,16769.667018567066,4887.944729513891,4997.190564984239,13316.701816142388,144
2025-04-20,33708.88888799623,1858.0042144294366,-362.5967032575327,35204.29639916814,0.0,35204.29639916814,55877.68020322626,56336.44983067341,1549.7888924282986,1091.0192649811474,19684.30712600859,16110.352797719435,0.0,804.7506190509235,4997.190564984239,4812.674980925934,35290.72349874105,144
2025-04-21,33476.538728221254,76.35329969054173,-596.6834665011968,32956.208561410596,206.3213999045423,33162.529961315144,56192.66527762057,54114.00929396316,47.38614763888893,2126.042131296297,18730.521325576123,15600.664204883338,45.64193209999835,2512.8837220370415,4812.674980925934,4336.072835185185,33385.770406380114,144
2025-04-22,33732.768789341666,2009.0149539061852,-277.62991421499976,35464.153829032846,0.0,35464.153829032846,56193.911075895434,57599.105820214085,2684.3426009853147,1279.1478566666656,20585.075295092265,16345.880992239136,0.0,1206.9822006942884,4336.072835185185,4700.550609391403,35293.43243959465,144
2025-04-23,34335.00446392465,0.0,-53.893696925880036,34281.11076699877,0.0,34281.11076699877,57822.48394629329,57738.80457834689,0.0,83.67936794640173,19863.470649194736,15803.781819880556,0.0,2279.199032366043,4700.550609391403,5017.916616021607,34132.45652949318,144
2025-04-24,34620.2687710211,619.8435055749717,-1154.2817866825596,34085.83048991352,0.0,34085.83048991352,58181.70344166326,53952.36443275543,450.37174232187886,4679.7107512297125,17968.419391045943,15031.283269616513,0.0,3925.1216113260025,5017.916616021607,4488.068212833506,34334.01148196682,144
2025-04-25,12674.394108331093,0.0,0.0,12674.394108331093,0.0,12674.394108331093,26018.336352566665,26018.336352566665,0.0,0.0,13378.77647125495,10780.4892991,0.0,21419.691530411714,4488.068212833506,4550.645593518523,12645.082863218231,144
2025-04-26,12181.289897658184,1401.8552833801655,-18.715727620583344,13564.429453417766,0.0,13564.429453417766,25207.147964999993,26141.26478208333,974.06074541667,39.94392833333336,14011.669615802472,11354.922474861112,0.0,23414.32400780864,4550.645593518523,4544.567720117289,13567.276329318904,144
2025-04-27,31072.51019403808,3813.2009339912893,-90.40450868694802,34795.306619342424,0.0,34795.306619342424,51915.384107214806,54601.70071214805,3084.323526808244,398.00692187500044,19975.175503024177,16112.41331960555,0.0,2165.467345396093,4544.567720117289,4619.544206610655,34760.187633068934,144
2025-04-28,32373.775775297818,9631.432204444287,0.0,42005.2079797421,0.0,42005.2079797421,53645.28230074074,63694.78832045941,10049.50601971867,0.0,17307.525385810186,13963.405995289178,0.0,3728.7016132717413,4619.544206610655,4681.421503518516,41976.224653870464,144
2025-04-29,33206.98666120136,103.83915423723883,-408.44513440581807,32902.38068103278,810.5467375699947,33712.927418602776,54929.17614209465,53969.31491530452,100.81754784096888,1060.6787746310958,18374.943822422832,14948.000574708334,117.39704395833257,3226.554994881689,4681.421503518516,4609.98141624537,33746.389955481514,144
2025-04-30,35902.91656082514,0.0,-2222.592489150537,33680.3240716746,948.3734216977396,34628.69749337234,60845.47931123456,53115.83033817901,0.0,7729.64897305555,18033.6820855084,14790.663713299306,166.92095073875964,1782.878483375342,4609.98141624537,4406.224500648149,34724.13723263808,144
2025-05-01,33635.67567054678,4453.04442241141,-924.1810788710374,37164.539014087146,4559.973833807152,41724.5128478943,55891.94908224706,55494.31450762134,2923.3982859693942,3321.0328605951117,18507.124354853393,15774.933991666667,708.0258902777776,2458.7712347123966,4406.224500648149,3534.9319848310183,42132.62626230304,144
2025-05-02,12832.800033048148,3830.4772026176793,0.0,16663.277235665828,1664.9894417701366,18328.266677435964,26252.495256999995,28835.680095693744,2583.1848386937495,0.0,13861.890508233024,11107.035681766667,307.97048552569663,12098.47567141975,3534.9319848310183,3669.482684722222,18265.243129606923,144
2025-05-03,15074.30025389219,286.0181112063245,-177.5838034515944,15182.73456164692,1553.4816100329435,16736.216171679862,28576.377822083334,28475.73476516101,234.6520844999996,335.2951414223246,14197.970475714752,11058.934452495618,317.2280497556541,16786.75514169753,3669.482684722222,4159.951165648149,16506.480735214158,144
2025-05-04,38558.56659244816,2645.0910976702544,-2739.7906819754658,38463.867008142945,1076.0237519470597,39539.890760090006,63854.733814941814,56163.36346281087,1346.4990416576363,9037.869393788575,17523.835664848248,14404.638881110417,189.85888804984893,1499.3582337895623,4159.951165648149,3926.248951666666,39649.35687711893,144
2025-05-05,35364.29573130724,1533.733001274828,0.0,36898.02873258207,2758.2531659833485,39656.281898565416,57812.72423320986,59793.64191066101,1980.9176774511498,0.0,20997.476440895065,16819.70957104167,396.69429166666885,936.5625324742871,3926.248951666666,4135.411558425924,39558.31013355938,144
2025-05-06,36038.28712339271,945.684398278229,-924.7745039214869,36059.19701774945,1455.9900055102637,37515.187023259714,59272.61082662551,56926.18643838219,567.051499097218,2913.4758873405435,20704.758882422833,17178.392792516668,237.23144442778013,766.9694262371376,4135.411558425924,3682.5914498101856,37727.28796213533,144
2025-05-07,38644.152281996714,1641.0403402878087,-845.4155616161652,39439.77706066836,605.9954971263282,40045.772557794684,64377.4496996761,62040.23396478782,973.4977969861176,3310.7135318744,20016.13058409722,15988.328429847916,86.86862057430164,3031.4544811128203,3682.5914498101856,3932.299609,39928.809256030174,144
2025-05-08,36625.62790206941,1022.3405411238518,-168.79713943844567,37479.17130375482,243.22893262499974,37722.40023637982,59210.8346010288,60248.587546026116,1311.4764727709228,273.72352777361164,20460.811054563615,16075.924677981942,35.99924999999996,73.18801944444363,3932.299609,4484.891027016207,37463.56641618103,144
2025-05-09,16334.937639276228,0.0,-818.8358442487585,15516.101795027469,0.0,15516.101795027469,29430.824692,28044.18858859722,0.0,1386.6361034027777,14316.703735339504,11460.073598694446,0.0,16688.17260195216,4484.891027016207,4636.509279161264,15445.083805722725,144
2025-05-10,15401.13888540593,1266.2774223300282,-720.2331371326859,15947.183170603272,313.26066753738405,16260.443838140656,27736.361456344064,27484.761187555967,989.1419583302402,1240.7422271183386,14637.833436899005,12251.065042299999,66.69382729681038,13043.641336920435,4636.509279161264,4198.264880925926,16465.71751427409,144
2025-05-11,40612.99413012843,0.0,-2093.730362576293,38519.26376755213,1361.1922905444449,39880.45605809658,65956.0491964609,59410.274875197494,0.0,6545.774321263403,19305.08311337534,15484.570572044444,196.05153402777785,301.73478456104675,4198.264880925926,4367.761269581018,39801.06394965053,144
2025-05-12,37751.22086972456,0.0,-1535.802145442092,36215.41872428246,793.9241313944106,37009.34285567688,61127.892858220795,55867.45658293467,0.0,5260.436275286127,16793.871321864717,13454.68889725,114.83028029115212,711.9092052777769,4367.761269581018,4532.591128981482,36932.1365495337,144
2025-05-13,39314.553177927,0.0,-1766.279001815546,37548.27417611146,0.0,37548.27417611146,64527.90482359668,58201.18144037808,0.0,6326.7233832185975,18502.566414567897,14698.563199930555,0.0,1267.9654590740745,4532.591128981482,4853.164013280861,37398.11783710563,144
2025-05-14,37031.72205824667,2521.189657164772,-1243.9639164228317,38308.94779898861,0.0,38308.94779898861,60068.059054516045,58593.740748915465,2464.8018957647546,3939.1202013653324,18372.22094254373,14728.548246388887,0.0,1935.919269427296,4853.164013280861,5023.109254471449,38229.34544801494,144
2025-05-15,36738.53136365271,2164.7977761901425,-871.6194451286143,38031.70969471424,0.0,38031.70969471424,58171.74298831656,58224.73893410813,2483.4102049255207,2430.4142591339546,19448.341213111285,14970.976371349307,0.0,982.3158090128188,5023.109254471449,5892.198155883488,37624.62845329284,144
2025-05-16,16392.987950919105,0.0,-1323.1121961762021,15069.875754742903,0.0,15069.875754742903,28585.571536136416,26346.586875437137,0.0,2238.9846606992805,13668.22117170649,12353.25077730656,0.0,22316.109947703877,5892.198155883488,4467.763013412034,15737.081175476533,144
2025-05-17,16202.899912061464,1371.4240159884166,-1032.5943107325493,16541.72961731733,2138.258885379968,18679.9885026973,27935.288611139506,27191.228974320064,1018.5666820833334,1762.6263189027786,14635.925450208331,11628.054869581942,881.9699717229926,14616.529282083333,4467.763013412034,4720.0349523973755,18561.824326476566,144
2025-05-18,36152.6681550494,5398.9266446924685,-1409.2220460662204,40142.37275367565,35.31869833333265,40177.691452008985,56531.46805751029,59749.364902239366,6181.328337645744,2963.4314929166667,17484.323908792005,13974.914354264401,5.236666666666565,2569.023914378431,4720.0349523973755,4928.243854460849,40080.166402282455,144
2025-05-19,36912.762990996715,0.0,-1742.1714009503107,35170.59159004641,451.90398166666665,35622.49557171307,58927.067228769505,54095.02410904728,0.0,4832.043119722227,17554.229328932386,14449.781775069445,67.00333333333333,3542.3633385176727,4928.243854460849,4671.737167089503,35742.643304077814,144
2025-05-20,38185.49306429426,0.0,-1535.491934730748,36650.00112956351,2377.185572004588,39027.186701568105,61332.97306348398,57509.62907670994,0.0,3823.3439867740326,18079.321967968976,14846.593743472917,344.04243834166607,93.54847388888857,4671.737167089503,4446.911667736111,39132.49496546524,144
2025-05-21,35830.62490663318,2158.334403050505,-1337.609688317983,36651.349621365705,1453.9089021582245,38105.25852352393,56857.820901779014,56393.897631237065,2629.0163204462233,3092.939590988176,18019.706026779833,14661.829533820835,256.2025834180573,1929.6084383627913,4446.911667736111,4373.725387592591,38139.53897714316,144
2025-05-22,36808.83838999492,26.39455639597898,-1335.6374381637568,35499.59550822714,419.74371120784514,35919.33921943499,57594.12710355995,55305.9033281114,37.74425339050333,2325.9680288390496,18944.113719984874,14899.081795941918,60.25496935318881,504.4955567549749,4373.725387592591,4868.8924067546295,35687.40298765949,144
2025-05-23,13620.248460509147,1340.4245215503956,-445.4030682524501,14515.269913807093,2778.9869257005635,17294.256839507656,25183.404452144445,25435.713542841666,995.8820430555554,743.5729523583357,14681.562323348766,12074.022935520834,1079.283405318054,17486.508676998455,4868.8924067546295,4666.717458300926,17388.955585363372,144
2025-05-24,14705.822489820253,836.943337829733,-653.9687117179021,14888.797115932084,774.8963939621794,15663.693509894263,27368.01477717524,26864.169202680507,628.5124314258387,1132.3580059205758,14631.083125079724,11861.082596785413,154.3111863805551,20493.978477433415,4666.717458300926,4655.711607777778,15668.848650279306,144
2025-05-25,36635.94983024968,0.0,-1263.1889213312295,35372.76090891845,0.0,35372.76090891845,57768.003075019544,55028.75846283651,0.0,2739.2446121830367,17986.830725411524,14084.115243541668,0.0,2581.0327976333165,4655.711607777778,5194.842323379629,35120.232081730544,144
2025-05-26,35466.75338253977,3506.173588373527,-888.7947965023861,38084.13217441091,0.0,38084.13217441091,55749.38096908919,58919.65610324862,4490.823975853879,1320.5488416944445,17995.87424467902,14855.599100176116,0.0,1199.5480087457172,5194.842323379629,4884.907921172843,38229.305448404564,144
2025-05-27,35989.12209252787,0.0,-1462.3377592604522,34526.78433326742,1211.900689754618,35738.68502302204,57927.84079477001,54508.484221481456,0.0,3419.35657328855,18078.189737469995,14989.493954406249,180.30746107986133,2209.7285994975773,4884.907921172843,4500.28540222222,35918.84221089851,144
2025-05-28,35447.18499474388,2163.9709431700217,-744.6408897288509,36866.51504818505,0.0,36866.51504818505,56291.27048025503,57464.13789192794,2888.7069189518556,1715.8395072789483,19099.92318567531,14602.350813863111,0.0,692.7414201157397,4500.28540222222,5465.382031704323,36414.46378693563,144
2025-05-29,34583.283155242476,9286.761961666873,-719.8569803393937,43150.18813656995,0.0,43150.18813656995,54030.6172675211,61597.21543542145,9299.444907811405,1732.846739911055,15793.108230124317,12765.95679247807,0.0,4459.9404977752065,5465.382031704323,5494.783002729468,43136.41672174177,144
2025-05-30,14063.65681085195,1403.9364734270152,0.0,15467.593284278964,0.0,15467.593284278964,27075.1863370492,28072.601279702158,997.4149426529569,0.0,13744.35073038632,11108.519747319444,0.0,18840.537029968615,5494.783002729468,5521.898940833333,15454.892178871114,144
2025-05-31,14947.804576839782,0.0,0.0,14947.804576839782,0.0,14947.804576839782,27991.31821255885,27991.31821255885,0.0,0.0,14232.810845440525,11433.870860042174,0.0,16803.1966771605,5521.898940833333,5627.127746127388,14898.515404440048,144
2025-06-01,36870.13237822334,18816.558196510312,-308.5717884352454,55378.1187862984,535.0886460053105,55913.207432303716,59050.707279039314,73179.469947374,15504.078981738328,1375.3163134036347,15732.519129392073,14405.099992434725,79.24248916666636,706.4669995833302,5627.127746127388,3780.7283043194457,56778.06093084656,144
2025-06-02,39169.79904777407,12338.964546650854,-45.09102820607286,51463.67256621885,678.0959783183329,52141.76854453718,63651.616823663826,72851.44168887154,9394.742041804926,194.917176597222,21869.404315402087,17569.95550958611,100.54300583333327,11.728438888888945,3780.7283043194457,3941.019399752313,52066.68819543643,144
2025-06-03,43007.741035316925,10360.337664300174,-38.86260598325008,53329.21609363385,0.0,53329.21609363385,69538.1032247325,78606.69781438529,9235.315336041667,166.7207463888892,21721.100514413585,16504.689768958335,0.0,5197.920235596708,3941.019399752313,5151.465674993053,52762.24305831108,144
2025-06-04,42891.20456906911,4345.457345670109,0.0,47236.66191473922,531.2443100743726,47767.906224813596,69419.78991637859,72522.55191631998,3102.7619999413846,0.0,20105.791708629007,17288.46629161458,78.12152458333298,138.08720722222165,5151.465674993053,4037.271222076296,48289.79490655981,144
2025-06-05,46678.902698457314,2430.125609435474,-46.911070600297506,49062.117237292485,590.2783547462504,49652.39559203874,75377.3422482716,76652.4344289255,1456.7682385688365,181.67605791494884,21834.014258307838,17670.914720421442,87.53449625000007,1427.551370622434,4037.271222076296,4053.534365196187,49644.77793580138,144
2025-06-06,19186.23425908247,5115.771228541143,0.0,24302.005487623614,0.0,24302.005487623614,34214.452429749996,36948.51300809652,2734.0605783465257,0.0,14052.092661747367,11066.016393375003,0.0,3107.4413397241583,4053.534365196187,4404.843990352152,24137.45205920056,144
2025-06-07,20152.09522826308,3062.164540239329,0.0,23214.25976850241,0.0,23214.25976850241,35520.97142376543,37230.920519306404,1709.9490955409665,0.0,13781.602285737634,10473.82556595679,0.0,2796.6306328588926,4404.843990352152,5170.702085341812,22855.531836809252,144
2025-06-08,55671.75443226704,2741.7060259116865,-5882.210663693256,52531.24979448546,214.58181304611105,52745.831607531574,86878.37796219444,71137.40495721145,1421.3987484803195,17162.37175346331,18157.907388148153,14460.931834690973,39.95192944444443,2295.458066532054,5170.702085341812,5445.116696129634,52617.295803838555,144
2025-06-09,52691.642952669565,0.0,-1780.525540684589,50911.117411984975,29.563391666666618,50940.680803651645,82710.26564100065,76940.59267645174,0.0,5769.672964548908,21049.383687695616,17325.353602910534,4.383333333333326,2288.2331916666653,5445.116696129634,5139.169122932865,51083.98664693701,144
2025-06-10,56961.35797351929,0.0,-2844.788799412053,54116.56917410724,0.0,54116.56917410724,89459.39725722221,79595.72101736111,0.0,9863.676239861103,22035.671016748118,17059.359784305554,0.0,3000.9655515852246,5139.169122932865,6016.428833222219,53705.660725807706,144
2025-06-11,53954.734656424764,1403.3625738823139,-912.6400000886935,54445.45723021839,0.0,54445.45723021839,84211.48985992654,81662.20858065486,1064.8113605354197,3614.0926398070987,21285.022646368314,18244.34113740069,0.0,2537.080755020574,6016.428833222219,4901.459062286266,54967.709070924786,144
2025-06-12,51965.30012257579,0.0,-1243.7075842496506,50721.59253832614,1396.6515592207352,52118.24409754688,80906.76314482,77578.98470759291,0.0,3327.7784372270885,22354.681964262643,17634.0204300833,285.4283996111137,691.3601396913554,4901.459062286266,5427.316796696754,51871.932334749006,144
2025-06-13,20595.172933171514,966.7086038660152,0.0,21561.88153703753,0.0,21561.88153703753,34312.36233001563,35127.120361913556,814.7580318979186,0.0,14726.245653627884,11733.563947966668,0.0,3789.124956252339,5427.316796696754,5643.64460944333,21460.553589547035,144
2025-06-14,21120.074145686896,1255.652749969892,-788.7100115997943,21587.016884056993,97.94034683160189,21684.957230888594,35046.047026951,33991.370809706554,675.1291610962992,1729.8053783407431,15029.254170774995,12517.438693268441,25.62541780000049,5311.8380000000025,5643.64460944333,5261.708148398115,21863.856269242173,144
2025-06-15,58784.93824686835,0.0,-3247.2571023019696,55537.68114456638,0.0,55537.68114456638,89529.56940659159,79480.63694288181,0.0,10048.932463709769,23226.396903323082,16224.714510952777,0.0,1851.9802171781826,5261.708148398115,8138.0047936635865,54190.42379592403,144
2025-06-16,58386.48282313116,0.0,-3625.297336522141,54761.18548660902,187.17007473919142,54948.35556134822,89839.64759115802,78796.09280299942,0.0,11043.554788158599,20786.986889344982,17462.23435243055,38.72069381944243,2816.0081432377674,8138.0047936635865,7443.8103802623455,55273.51622458536,144
2025-06-17,51509.04976878056,1259.706308486644,-140.17589217031218,52628.58018509689,0.0,52628.58018509689,78985.7596152469,79664.92124108456,1101.6484431987574,422.48681736110996,20143.153446468612,16714.552334938242,0.0,1599.308912887526,7443.8103802623455,7000.9236654860515,52836.02832229811,144
2025-06-18,52887.02503762221,0.0,-1431.2336958000392,51455.79134182217,0.0,51455.79134182217,82913.58295394553,78871.49722569365,0.0,4042.0857282518837,19046.51484430219,15834.291669374998,0.0,4730.88315076646,7000.9236654860515,6549.129614941361,51667.411675097304,144
2025-06-19,54041.071442733315,318.82267131815655,-2038.7643363076947,52321.12977774378,130.1086947338435,52451.23847247762,83325.87026715191,75733.16593796773,265.61434473804513,7858.318673922224,20650.47218291247,15700.991772557563,21.693809374997976,2545.875136987832,6549.129614941361,7689.008165609739,51917.319359344554,144
2025-06-20,22195.228628890654,0.0,-318.8577803616737,21876.37084852898,0.0,21876.37084852898,35573.47212887304,34926.94250942623,0.0,646.5296194468087,14748.506425917281,12223.500387332098,0.0,10001.355620841052,7689.008165609739,7380.996851899632,22020.64334787079,144
2025-06-21,22535.00649502012,0.0,-480.36312164452397,22054.643373375595,0.0,22054.643373375595,35760.866226181075,34715.6476308361,0.0,1045.2185953449712,16086.282818774078,12425.178337150006,0.0,11719.802749212035,7380.996851899632,8052.897680851853,21739.925025094373,144
2025-06-22,51524.17474139407,0.0,-2508.0395458106054,49016.13519558346,0.0,49016.13519558346,79597.53841448786,71441.16619699493,0.0,8156.372217492921,18690.08545178841,15591.562388965274,0.0,885.3020341718072,8052.897680851853,7550.016377500004,49251.68479807347,144
2025-06-23,49416.710843570574,0.0,-1630.1725157020198,47786.538327868555,0.0,47786.538327868555,77121.73135239299,71409.68455901605,0.0,5712.046793376939,19869.887236355622,16706.693355073614,0.0,1185.2046777340497,7550.016377500004,6869.922273471605,48105.09440619546,144
2025-06-24,47996.34778045312,5791.7045672399145,0.0,53788.05234769303,0.0,53788.05234769303,74693.53961899177,80195.06024667149,5501.520627679715,0.0,21019.635692268937,17504.57031719467,0.0,411.20262159722165,6869.922273471605,6338.071821852912,54037.17109923123,144
2025-06-25,52981.70850218072,0.0,-1466.5392312889267,51515.16927089179,0.0,51515.16927089179,82066.45777901234,78491.0158088431,0.0,3575.441970169237,21600.599537327354,16830.409620457816,0.0,3283.4045253069025,6338.071821852912,7078.156271605512,51168.513714627676,144
2025-06-26,52821.72717940849,0.0,-2886.8671960774927,49934.85998333099,0.0,49934.85998333099,80412.05710546848,72121.08410380829,0.0,8290.973001660195,19368.60487399291,16352.06144566388,0.0,1557.156842145928,7078.156271605512,6340.943496350373,50280.1704472605,144
2025-06-27,20937.20421535275,439.61074754332213,-429.9548479314218,20946.860114964653,0.0,20946.860114964653,34030.79760053665,33480.86874012284,354.85052307744445,904.7793834912577,16239.317647386419,12147.774040081667,0.0,9617.67926615142,6340.943496350373,7458.802667796298,20423.254879059383,144
2025-06-28,20662.016775268658,0.0,0.0,20662.016775268658,0.0,20662.016775268658,33776.440115211,33776.440115211,0.0,0.0,15732.743999690776,12264.84132733286,0.0,8531.611326186418,7458.802667796298,7990.670792703708,20412.889745562028,144
2025-06-29,55852.146940989005,0.0,-3520.1686479008845,52331.97829308812,0.0,52331.97829308812,86194.07749455699,75188.10950642191,0.0,11005.967988135071,19581.111627812064,16164.192021124993,0.0,2503.4213664015074,7990.670792703708,7653.457900929026,52489.92881159538,144
2025-06-30,48260.84629803168,0.0,0.0,48260.84629803168,0.0,48260.84629803168,74163.06249117284,74163.06249117284,0.0,0.0,18524.9329871159,15240.646996666666,0.0,1001.0925173902763,7653.457900929026,7391.845370814808,48383.385607137185,144
2025-07-01,51391.38421763973,6512.449174206623,-1028.1580515710314,56875.675340275324,78.67763064750052,56954.352970922824,78884.04888918682,79837.49623405273,4587.5996620495625,3634.1523171836498,16826.763201027643,15994.297936141571,11.679303888888967,150.16623972222203,7391.845370814808,4764.490100471277,58185.00617955173,144
2025-07-02,47521.96123706816,5644.395520414266,-699.0614321386961,52467.29532534373,274.95900777045233,52742.25433311418,75860.11501960762,77167.21521113261,3701.044778975266,2393.944587450267,19916.45773900825,16494.075198939587,40.769161597222364,880.8354659945071,4764.490100471277,4362.551844534716,52930.52221219486,144
2025-07-03,52223.96089194392,9163.093777667018,-1093.6126749818288,60293.44199462911,153.3770262977083,60446.81902092682,81358.7325415932,84096.71975256059,7104.704401577231,4366.717190609839,18490.229643052993,14953.214942787494,22.103034374999993,821.3891533367635,4362.551844534716,4389.075253518518,60434.39545615881,144
2025-07-04,22569.09367216352,4042.8600399481325,-14.86470985899256,26597.08900225266,148.5902766675733,26745.679278920234,38166.48089701255,41014.72134597687,2882.135431151388,33.89498218707104,13786.04393188529,11661.75495829028,52.06386708744685,10061.628772802638,4389.075253518518,3839.0092830038534,27003.330179509303,144
2025-07-05,23882.354017173766,3082.1832265723924,0.0,26964.537243746156,0.0,26964.537243746156,40808.076897833336,42966.28414085278,2158.2072430194485,0.0,14277.904246868142,11240.561844160415,0.0,11138.861771478387,3839.0092830038534,4199.609945006945,26795.631893663907,144
2025-07-06,49945.399277315235,11822.797316441858,-851.0325023531576,60917.16409140393,325.7721591083298,61242.93625051226,78913.59162333333,85732.21597601663,10614.019803122254,3795.3954504389603,19714.145518227706,16246.498119667354,48.11651666666614,2518.7035441229423,4199.609945006945,3890.676334003704,61387.640753906184,144
2025-07-07,48833.41596707765,3330.873396238133,-41.08806747506243,52123.201295840714,798.325991740831,52921.52728758155,76063.61176236831,79524.13160564208,3612.0003916071064,151.48054833333288,19766.73218758505,15520.038951380557,118.11923833333299,1986.074841104256,3890.676334003704,4436.247579074075,52665.98171639059,144
2025-07-08,59457.048514581584,0.0,-1042.7809381144853,58414.26757646709,220.6441649999986,58634.91174146709,92316.65855041172,88042.51226235338,0.0,4274.146288058334,22176.928898384773,16086.987164375,32.731666666666456,6413.915178343619,4436.247579074075,6521.053404981483,57658.38869261206,144
2025-07-09,52686.67708158167,0.0,0.0,52686.67708158167,282.3340199999977,52969.011101581666,80514.00842575618,80514.00842575618,0.0,0.0,17184.83977096399,14505.66368297372,41.879999999999654,3817.987321099254,6521.053404981483,5870.005106656051,53273.9621245173,144
2025-07-10,51581.462411461136,0.0,0.0,51581.462411461136,10.043684583333016,51591.50609604447,80125.64855595604,80125.64855595604,0.0,0.0,19941.625963949045,16327.344531100001,1.4891666666666197,3659.232906440326,5870.005106656051,5675.974550765742,51682.39000842349,144
2025-07-11,25581.77196538523,1147.9194633602924,-780.1281315791442,25949.563297166376,0.0,25949.563297166376,41442.951677377496,41140.695633498486,924.326880494444,1226.582924373454,14526.267218625007,12905.98214090737,0.0,7001.6334057808535,5675.974550765742,4409.63489096451,26542.71679381727,144
2025-07-12,25880.751712895577,2511.0547114143587,-1061.486590132834,27330.319834177102,1870.9078032933105,29201.227637470412,41683.35285956833,41925.34055648988,1917.343123808054,1675.3554268865043,14804.133138376337,11996.445785112724,268.19205895833005,8301.601928851265,4409.63489096451,4403.970509822409,29203.880833597374,144
2025-07-13,53300.47760580572,0.0,-1317.3195728697774,51983.15803293594,0.0,51983.15803293594,81520.07237617385,77246.01286909638,0.0,4274.059507077474,20472.2758028373,14897.494834373978,0.0,2403.5115006330648,4403.970509822409,6276.246694182669,51106.18386818159,144
2025-07-14,52391.86310296623,38.465868387312135,-1771.3043519356597,50659.024619417876,0.0,50659.024619417876,80318.56646879784,75267.18104365721,18.963182916666483,5070.348608057303,17881.546376085622,15476.871194027779,0.0,1054.826644932709,6276.246694182669,5173.114883739969,51175.73155942924,144
2025-07-15,59686.57587477761,0.0,-4416.694504041677,55269.88137073594,2817.8095297490104,58087.690900484944,90620.81545959527,80677.9482798893,0.0,9942.867179705961,19978.2640566058,15937.963008466668,437.4095598555531,4326.006208272394,5173.114883739969,5444.704747500003,57960.47820829974,144
2025-07-16,55673.66558298992,0.0,-1417.1900492627415,54256.47553372717,0.0,54256.47553372717,83547.4065454395,78542.3126816579,0.0,5005.0938637816,19764.26079011592,13768.457821173066,0.0,411.94632938171645,5444.704747500003,7934.252990634257,53090.37113664309,144
2025-07-17,58394.39518977856,0.0,-3703.2112501757215,54691.18393960284,286.2599104463213,54977.44385004916,87227.13631137098,78978.0865702872,0.0,8249.049741083783,18305.191755393527,17046.81741784722,42.37746340277806,5041.673629477011,7934.252990634257,5468.017328435959,56132.62863422284,144
2025-07-18,28862.49405952735,124.0714188899171,-1780.2773023248126,27206.288176092454,0.0,27206.288176092454,45005.096840144644,42318.83018114097,103.17710988520935,2789.443768888889,18294.41911720251,14708.634114484032,0.0,7458.797078422491,5468.017328435959,5590.067740047068,27149.11976329381,144
2025-07-19,29425.725995679626,0.0,-2068.9440489299664,27356.78194674966,0.0,27356.78194674966,46052.983306975075,42506.87110030841,0.0,3546.1122066666658,17177.6565876568,14164.891027122141,0.0,12311.286489773756,5590.067740047068,5311.190861024694,27487.40787688374,144
2025-07-20,58446.38890177424,0.0,-4051.1252657006335,54395.26363607361,142.11577666146047,54537.37941273506,87000.14464090246,77490.00951973231,0.0,9510.135121170159,19998.32843475772,15611.780257646285,24.867895833333705,1038.3510217875428,5311.190861024694,5963.263943810768,54231.94838075807,144
2025-07-21,61353.29944214185,0.0,-4792.678704491959,56560.620737649886,250.88989975885588,56811.51063740875,92087.98159351115,80176.43832035003,0.0,11911.54327316111,20375.38997922689,16832.446319305556,36.6210095833336,2680.3663200120427,5963.263943810768,5598.396792553235,56982.414411057776,144
2025-07-22,56437.79484288677,2645.5628104550897,-1812.5544536340358,57270.80319970782,0.0,57270.80319970782,84164.66128632927,81314.93489479845,2767.9710047503913,5617.697396281197,18710.152156905348,13498.157007108604,0.0,2307.7951283350544,5598.396792553235,7439.58150364738,56408.39228103132,144
2025-07-23,54921.38754335414,1344.4292350754747,-1414.6932726037403,54851.123505825875,0.0,54851.123505825875,84299.7866179334,80227.05621605428,1363.3210440175817,5436.051445896708,19839.682616180897,16009.880845725997,0.0,2180.7073289327063,7439.58150364738,7506.539362959077,54819.760444524276,144
2025-07-24,54523.27756419326,0.0,-802.4304039252601,53720.847160268,0.0,53720.847160268,83008.72392999164,80627.55577494972,0.0,2381.1681550419103,18288.334006367935,14368.548896214159,0.0,3091.298664795951,7506.539362959077,8000.985639563372,53489.248524306546,144
2025-07-25,29452.14728778738,0.0,-2489.2668623269456,26962.880425460433,414.9485456311301,27377.828971091563,46513.529514325695,42131.120255313195,0.0,4382.409259012499,14057.609639910721,13859.943661770134,59.48230298611384,15487.617013492056,8000.985639563372,5252.896913516204,28665.033730372055,144
2025-07-26,29864.63036699818,0.0,-2507.9584184257283,27356.67194857245,0.0,27356.67194857245,46860.600614242736,42388.63261227329,0.0,4471.968001969443,17651.121484070183,14199.975157701703,0.0,10468.394719238151,5252.896913516204,5361.1560739552515,27305.9633578228,144
2025-07-27,55693.834843582765,3491.9163009352137,-2461.5485167975485,56724.20262772043,0.0,56724.20262772043,83890.72795076435,80062.76645197357,2949.2653616267,6777.226860417481,20707.15890506772,14746.414678333333,0.0,416.8324252391882,5361.1560739552515,7612.693890368045,55669.58231451268,144
2025-07-28,61896.13460510954,0.0,-1613.1284420322304,60283.00616307731,0.0,60283.00616307731,91360.56387349483,87028.87733455669,0.0,4331.686538938137,19558.568254840895,14081.375624853808,0.0,3596.8074712362695,7612.693890368045,9569.432403220624,59366.46984365716,144
2025-07-29,56565.83272538146,0.0,-1740.2874617023067,54825.545263679145,0.0,54825.545263679145,84253.15910690483,79569.07353285239,0.0,4684.085574052444,16624.436844413383,15240.259149336407,0.0,2115.6498877754125,9569.432403220624,7597.80428615221,55749.05587371399,144
2025-07-30,54994.68998780919,0.0,-1572.4303318032214,53422.25965600597,0.0,53422.25965600597,84041.49235437188,79468.05831132899,0.0,4573.434043042887,18653.369692945333,15571.710695378955,0.0,2283.14526376262,7597.80428615221,7083.9362371597235,53662.95545015405,144
2025-07-31,59131.26517059982,0.0,-2756.247105037171,56375.01806556265,0.0,56375.01806556265,89415.30126441954,81187.09793222025,0.0,8228.203332199284,20333.959805625,15513.44928848961,0.0,1671.5911484182043,7083.9362371597235,8147.334186122648,55876.922466268414,144
2025-08-01,25212.879379601243,0.0,-556.1560756339297,24656.723303967316,0.0,24656.723303967316,40569.916451132514,39410.24865557902,0.0,1159.6677955534956,14881.058139537046,13534.003387160383,0.0,16811.83423653569,8147.334186122648,6502.504970416672,25427.161308603994,144
2025-08-02,26168.853050862697,0.0,-390.1164388898306,25778.736611972865,0.0,25778.736611972865,42953.50154387499,42198.870211503585,0.0,754.6313323714016,14813.796521308646,11857.65020045834,0.0,18315.69895731995,6502.504970416672,6659.754950196297,25705.08072144409,144
2025-08-03,53019.41101741883,0.0,-3754.687715892452,49264.723301526385,0.0,49264.723301526385,81695.44708686521,69300.94976659259,0.0,12394.49732027263,16927.866077616247,14291.78114203961,0.0,3825.3848476826174,6659.754950196297,6015.077595562473,49566.690174436866,144
2025-08-04,48599.84668338464,0.0,-398.7658885414369,48201.080794843205,0.0,48201.080794843205,74540.20490707598,72867.94488089543,0.0,1672.2600261805528,17836.325958387373,13829.555982749998,0.0,3445.519821924728,6015.077595562473,6701.597643944444,47879.51480418109,144
2025-08-05,48921.699262726775,0.0,-1271.628795836734,47650.07046689004,79.13564411694563,47729.20611100699,74828.44199186958,71095.8574026147,0.0,3732.584589254879,17313.850079821677,14243.355293518522,14.733875277777997,2887.7867582559948,6701.597643944444,6458.112389652261,47843.25460411745,144
2025-08-06,47146.87583987685,1214.6165685831634,-549.4925842417798,47811.99982421823,0.0,47811.99982421823,72298.30942995555,71090.0162898552,1175.5833567849256,2383.8764968852884,17143.321410466113,14458.340263934719,0.0,290.6358766571373,6458.112389652261,5822.279143588737,48109.82411667438,144
2025-08-07,46654.7138452883,0.0,-3.222752062500056,46651.4910932258,0.0,46651.4910932258,72006.58243107145,71999.49868107146,0.0,7.083750000000123,19240.358924547967,15268.312481250001,0.0,4639.466987773493,5822.279143588737,6173.810529848578,46486.83379190169,144
2025-08-08,24244.258584545998,0.0,0.0,24244.258584545998,0.0,24244.258584545998,39870.60005980294,39870.60005980294,0.0,0.0,15445.00340164609,12148.104163530388,0.0,20798.52957168724,6173.810529848578,6576.420076296298,24055.676272989887,144
2025-08-09,23912.92216638397,0.0,0.0,23912.92216638397,0.0,23912.92216638397,39303.47445626481,39303.47445626481,0.0,0.0,14912.618446378592,12270.697903056169,0.0,17739.62491294239,6576.420076296298,6363.667896863522,24012.575287230284,144
2025-08-10,45662.3077823026,0.0,0.0,45662.3077823026,0.0,45662.3077823026,69088.71440273717,69088.71440273717,0.0,0.0,17743.798417786777,14120.532658834218,0.0,160.82959378461763,6363.667896863522,6643.605740833596,45531.18489618702,144
2025-08-11,47326.130744598035,0.0,-855.0665735962982,46471.06417100174,86.08895499999835,46557.15312600174,71469.71250764786,69021.66728675536,0.0,2448.045220892496,18196.87104680475,14985.03137957819,12.769999999999754,1261.3442861954675,6643.605740833596,6370.754816759871,46684.95649883787,144
2025-08-12,45494.229554722006,3678.091974683445,-240.39925949434758,48931.9222699111,0.0,48931.9222699111,68779.81242683069,72225.12141421804,4559.069638218128,1113.7606508307688,16749.49316590567,13720.212561548738,0.0,1435.297159861113,6370.754816759871,6200.618042131937,49011.61433514682,144
2025-08-13,45015.11168764549,2208.0835693033446,-3.5798932869027627,47219.615363661935,0.0,47219.615363661935,69953.47149707408,72840.9977612398,2903.757927221286,16.231663055555487,18549.730782857514,15340.48737465278,0.0,3510.7749030350687,6200.618042131937,5850.389774867285,47383.662284048696,144
2025-08-14,46777.73207758679,722.8266428961929,0.0,47500.558720482986,35.46104266666687,47536.01976314965,72531.20714636667,73556.9993259895,1025.7921796228306,0.0,19600.466399365567,16130.4466253,5.083291666666696,4165.771860257263,5850.389774867285,5568.091061740736,47668.248480378126,144
2025-08-15,22983.199130552774,634.626661999702,0.0,23617.825792552478,0.0,23617.825792552478,38874.343248758225,39390.28619751414,515.9429487559166,0.0,15104.50352749244,12352.082582395831,0.0,19478.1383690842,5568.091061740736,5437.6080338219,23678.944042829662,144
2025-08-16,23017.82207129666,0.0,0.0,23017.82207129666,251.79891627806114,23269.620987574723,38701.22536388703,38701.22536388703,0.0,0.0,15069.756941193413,12372.090848073047,62.867529233331965,19137.14643333333,5437.6080338219,5253.621671925923,23355.8001994868,144
2025-08-17,44406.9346131165,619.5066012851103,0.0,45026.44121440161,0.0,45026.44121440161,68457.6568441212,69343.55216985424,885.8953257330334,0.0,19739.613603623467,15862.346866194039,0.0,2300.891815758149,5253.621671925923,5394.444063860328,44960.480006019534,144
2025-08-18,45187.07482285314,2268.8055744775534,0.0,47455.88039733069,114.89126722916347,47570.771664559856,69993.48629861198,73026.48634152839,3033.000042916414,0.0,19825.282069689107,15779.909320244904,16.519816666666202,4603.517792084196,5394.444063860328,5703.965348530639,47425.79189482028,144
2025-08-19,44243.02193526848,1026.5867427752714,-365.80735224384694,44903.801325799905,559.4100296663165,45463.21135546622,69336.6816644063,68654.40310046666,965.9271078170502,1648.2056717566866,18761.367793710822,15772.668818616667,82.95328094916806,1430.9973563216715,5703.965348530639,5064.008786629632,45762.96700906065,144
2025-08-20,44074.11468839139,7077.001886711283,0.0,51151.11657510268,0.0,51151.11657510268,68356.41865330006,75471.03953404028,7114.620880740212,0.0,21249.816079180084,16672.699967800334,0.0,243.23235599386678,5064.008786629632,5663.621071446895,50870.25818089427,144
2025-08-21,46428.33445699941,0.0,0.0,46428.33445699941,183.39419583333216,46611.728652832746,72634.59672234567,72634.59672234567,0.0,0.0,18213.096498886156,15289.886806666667,27.191666666666492,3894.160213459517,5663.621071446895,5066.644801925923,46891.35233747637,144
2025-08-22,23132.808763395653,1055.1902213879848,0.0,24187.998984783637,0.0,24187.998984783637,39444.201780058436,40225.84638848231,781.6446084238675,0.0,14693.227905829168,12039.594918560852,0.0,16341.64400121399,5066.644801925923,4913.222229882338,24259.862117528854,144
2025-08-23,23418.014801652665,537.5023254411177,0.0,23955.517127093786,0.0,23955.517127093786,39608.824257416665,40023.988005472216,415.16374805555023,0.0,14617.805303649258,11591.781635,0.0,14467.958186822956,4913.222229882338,5189.489630944447,23826.113476436294,144
2025-08-24,46298.50110324427,990.6960952427094,-170.94935737464405,47118.24784111234,0.0,47118.24784111234,71627.22867465983,71734.02849412913,723.1834493055562,616.3836298362412,19691.705905637857,15832.60461628667,0.0,4141.337721444615,5189.489630944447,5320.242039033331,47057.003413163504,144
2025-08-25,46063.655206591175,4130.933495206277,-307.5549627312371,49887.03373906622,0.0,49887.03373906622,72178.06581592737,75457.47128587544,4650.3987743504995,1370.9933044024372,19694.83739551956,16300.385146962366,0.0,1289.9320206515738,5320.242039033331,4934.056642820527,50067.92297865229,144
2025-08-26,45445.10481284693,1826.8215411825104,-327.6170437171677,46944.30931031227,0.0,46944.30931031227,70745.59663573086,71336.250095093,1929.1995616160727,1338.5461022539423,20766.2194846055,16525.943632466668,0.0,1567.1558596208388,4934.056642820527,5261.494587335848,46790.93737710129,144
2025-08-27,47767.18780785775,2905.451857990388,-826.986498872192,49845.65316697595,163.87560916666575,50009.528776142615,74082.31285447904,74889.17162931921,3776.2974338755,2969.438659035334,20066.10747543821,16522.150984202737,24.33916666666653,3455.4054380837397,5261.494587335848,4963.045777227198,50149.322198797505,144
2025-08-28,46893.010823170756,3280.2672558272297,0.0,50173.27807899799,193.89362999999688,50367.17170899799,72306.07398350807,76766.53281627614,4460.458832768065,0.0,21209.160725353784,17015.048627484717,28.763333333332866,1833.3890684070784,4963.045777227198,5145.680843951477,50281.625443744335,144
2025-08-29,24428.704872950966,0.0,-232.0601692219,24196.644703729067,259.5555254788785,24456.200229207945,41395.69312984793,40989.017342828076,0.0,406.6757870198566,14572.046250668627,12217.530070000003,48.13684861110939,16127.417660770563,5145.680843951477,4685.48905844213,24671.754061540523,144
2025-08-30,23324.61634808712,1757.5491114840568,0.0,25082.165459571173,0.0,25082.165459571173,39737.97721433235,40891.76058907222,1153.783374739871,0.0,14503.936852799437,11268.729422775,0.0,19143.83332571445,4685.48905844213,5218.221756211621,24832.633463935945,144
2025-08-31,47043.3528527807,1701.7304279292696,-804.129517380427,47940.95376332954,0.0,47940.95376332954,72463.06453975102,72196.27748628665,1679.7067858468254,1946.4938393112088,19647.981687342035,15926.190756614593,0.0,1827.863472225876,5218.221756211621,5205.637767469909,47946.84810365616,144
2025-09-01,46503.849143013584,0.0,-2476.0394868417725,44027.809656171805,254.80768028440954,44282.61733645622,72971.0803826979,67550.4407140909,0.0,5420.639668606993,18791.897256378597,14670.349573689582,46.124176032640165,9900.882674101196,5205.637767469909,5817.956882999999,43995.80706274193,144
2025-09-02,43702.72313976354,0.0,-1677.032119924594,42025.691019838945,76.61516929999866,42102.306189138944,66604.18669021523,63788.162716869374,0.0,2816.0239733458484,20436.542923041845,16111.726810833334,11.338199999999802,5416.9289546608625,5817.956882999999,6308.926835033956,41872.33586360624,144
2025-09-03,45386.44077417737,0.0,-1784.72819894028,43601.712575237085,74.20888166666654,43675.92145690376,69129.00298835298,65922.96926624897,0.0,3206.0337221040095,17583.82598340672,14097.479713055554,11.021666666666647,6899.927412564473,6308.926835033956,6470.503872260497,43600.238772666846,144
2025-09-04,46765.79295905244,0.0,-2921.9472122147904,43843.84574683765,358.4008342048944,44202.24658104255,72000.99448928336,64709.80161541669,0.0,7291.192873866665,18702.67218001406,15423.189073680553,53.143741458333125,7557.896700541521,6470.503872260497,6166.032085739199,44344.86116584913,144
2025-09-05,22044.822081975264,0.0,-2350.7242083969763,19694.09787357829,535.0925381500022,20229.19041172829,35832.20213918168,31654.92985640391,0.0,4177.272282777773,16578.410660366804,13793.162376991553,79.26737145833363,22124.68727782032,6166.032085739199,5760.86570563426,20418.970344169444,144
2025-09-06,22167.381315902585,0.0,-2199.7430065430035,19967.63830935958,961.363488100204,20929.001797459783,35822.352083166676,31886.549619027785,0.0,3935.802464138889,17772.917904791666,14061.6534607375,241.22616467915734,20695.42763965278,5760.86570563426,6132.432419127314,20754.959948859636,144
2025-09-07,43707.58556982933,1331.2745029705843,-1862.9206631843201,43175.939409615596,0.0,43175.939409615596,66314.42002469135,65139.87285351475,1816.9083694118747,2991.455540588474,19397.878283189297,15832.26784722222,0.0,6613.278800881015,6132.432419127314,5999.114154861884,43238.385684597524,144
2025-09-08,38272.3684462425,6807.599605942843,0.0,45079.968052185344,0.0,45079.968052185344,57776.60737206111,64910.42787621594,7133.82050415483,0.0,16505.734504975306,12699.534612705695,0.0,1708.6584506129934,5999.114154861884,6743.681195222224,44731.21285048056,144
2025-09-09,43020.70528571285,0.0,-158.39282153450085,42862.31246417834,0.0,42862.31246417834,67363.05317469753,66683.54729080864,0.0,679.5058838888926,17588.031117080245,14418.757811666666,0.0,10411.439718728392,6743.681195222224,6552.067187631484,42952.064465333846,144
2025-09-10,40512.0875407943,2847.307179223078,0.0,43359.394720017386,2106.8800225159885,45466.27474253337,62675.18832311008,65798.4058955715,3123.2175724614167,0.0,20155.261974216457,16156.383133250001,422.98757703333104,906.5159816383732,6552.067187631484,6740.266149704076,45378.12234869857,144
2025-09-11,44488.972219557625,0.0,-1219.22311335775,43269.74910619987,0.0,43269.74910619987,70472.36537441851,65850.1420694185,0.0,4622.2233049999995,18696.666607218038,14979.813393094446,0.0,8637.203071961589,6740.266149704076,6923.028992762039,43184.14299051152,144
2025-09-12,18631.906332639654,967.2614241664044,0.0,19599.16775680606,0.0,19599.16775680606,32035.415981557915,32774.93716998083,739.5211884229154,0.0,14713.019924196053,12085.938334062415,0.0,18596.199379847192,6923.028992762039,6735.9265533580265,19686.806539422898,144
2025-09-13,19619.936969387352,0.0,0.0,19619.936969387352,0.0,19619.936969387352,33295.41538697777,33295.41538697777,0.0,0.0,14466.516526995885,11492.41075205515,0.0,22314.2081287037,6735.9265533580265,6986.446147593049,19502.59359144767,144
2025-09-14,41013.1768637588,2437.1708443929147,0.0,43450.34770815172,0.0,43450.34770815172,63788.69810596657,66477.63554610117,2688.937440134602,0.0,17717.312011158232,15129.656582538584,0.0,3790.6553674815304,6986.446147593049,6121.297421481479,43855.58337146238,144
2025-09-15,37344.86991183995,29.815097610970884,-252.72751046017754,37121.95749899075,1247.1084862091905,38369.06598519994,58188.69027218488,57452.77563830206,29.693354856061035,765.6079887388772,18567.549223037768,16810.36037332726,210.53341149946962,839.0895667576934,6121.297421481479,4153.91352962963,39290.58860014335,144
2025-09-16,39583.05848935241,5004.656445578721,-733.7047277079608,43854.01020722317,0.0,43854.01020722317,62787.505444422495,65641.89372617546,5478.883891358726,2624.4956096057685,19727.669456456486,15869.677995602675,0.0,2292.1322819883144,4153.91352962963,4275.840489770833,43796.89961909303,144
2025-09-17,38860.534143995385,2663.2635343974393,-115.02302649573062,41408.77465189709,0.0,41408.77465189709,62136.027998744845,64605.85696549365,2804.51748722421,334.6885204754078,20788.64013068245,16762.581896019445,0.0,619.6803308306517,4275.840489770833,4360.5256118078705,41369.10814073494,144
2025-09-18,39815.957461800834,4010.0881360433195,-522.4666312757836,43303.57896656837,0.0,43303.57896656837,63622.04546795575,65699.11934393816,4462.336690138791,2385.262814156377,20630.205143724277,16569.399043685415,0.0,2682.2621272326423,4360.5256118078705,4517.266859287043,43230.16136624912,144
2025-09-19,17082.97600541108,1948.6672783593563,0.0,19031.643283770438,729.3074318382826,19760.95071560872,31116.214430061726,32321.77576331728,1205.5613332555556,0.0,15418.087489630552,11933.166015733339,189.75561891326709,12925.257591666666,4517.266859287043,5134.472249139724,19471.851711001724,144
2025-09-20,17407.489760348657,652.3714389967835,-31.042130439015697,18028.819068906425,0.0,18028.819068906425,31534.781005666664,31886.682388127778,418.2160570611106,66.31467459999635,15133.743727540224,12720.189397274999,0.0,13827.69432452922,5134.472249139724,4621.297829175924,18269.18996721747,144
2025-09-21,41656.13095026831,1569.754077136296,-877.6087776818857,42348.276249722716,0.0,42348.276249722716,66769.11264060308,64221.11943432023,921.063796628667,3469.0570029115233,18401.570234284132,14798.799798345142,0.0,2330.861515047911,4621.297829175924,4739.600152981482,42292.86344125219,144
2025-09-22,42089.7068413816,1428.928670229639,-1105.9948831354648,42412.640628475776,131.7874003499989,42544.42802882577,66505.20435207283,64343.798734338954,803.4887236784663,2964.8943414123355,20888.548289934697,17176.375453106033,19.555899999999838,37.16191417696254,4739.600152981482,4454.431999360454,42678.00079198186,144
2025-09-23,40660.26021106641,2835.492137718748,-89.64131881488912,43406.11102997026,42.99618749999924,43449.107217470264,64745.975333263676,66933.07132530467,2581.576977961772,394.4809859207818,21673.27077766018,17477.055899391667,6.374999999999886,626.6158637028243,4454.431999360454,4541.424699930553,43408.35983652323,144
2025-09-24,40971.80680421658,1603.8269123137957,-123.76098917538651,42451.87272735499,0.0,42451.87272735499,65032.67909766291,65849.48478215733,1347.74085899201,530.9351744975827,20298.11933109825,16338.71717647777,0.0,826.8575275368606,4541.424699930553,4655.601901832561,42398.392125984086,144
2025-09-25,42273.2180026341,867.1980668215444,-656.7655101172498,42483.6505593384,103.49743166666593,42587.14799100506,66864.0443309392,65296.24817597596,1191.6615687404706,2759.4577237037033,19057.26357413666,15913.030808952879,15.371666666666556,1831.9381774588503,4655.601901832561,4125.993775274582,42835.21643748482,144
2025-09-26,18283.70087706641,0.0,0.0,18283.70087706641,0.0,18283.70087706641,32960.36081945088,32960.36081945088,0.0,0.0,15243.587122567955,11808.159870483332,0.0,11830.690067366253,4125.993775274582,4725.044551715372,18003.105493381543,144
2025-09-27,17787.410790561047,1430.2490793625593,-7.5047995283591336,19210.15507039525,0.0,19210.15507039525,32066.97641625708,33099.89590099268,1048.9365576805535,16.017072944956,15069.381409458301,12692.810852185614,0.0,12922.023093719992,4725.044551715372,4184.364651132715,19463.409535828167,144
2025-09-28,43466.64122722636,2771.21717417662,-2.402185621342192,46235.45621578164,0.0,46235.45621578164,69286.9495230716,72218.37390571914,2936.5512327624565,5.126850114912372,20074.20847176206,15985.38093992838,0.0,4641.917207218798,4184.364651132715,4489.617898020369,46092.47559493946,144
2025-09-29,43848.78038611714,1800.4664225764839,-992.4417134112598,44656.80509528237,134.73625666666575,44791.54135194903,68961.4285263955,66985.67288910368,1004.1266807556977,2979.882318047518,21026.03794162097,17000.44900324173,26.015016666666497,226.20736739110384,4489.617898020369,4523.66426409954,44775.59403407755,144
2025-09-30,43579.765945078005,1685.3296911603172,-81.3310368396281,45183.76459939869,145.98831484583312,45329.75291424452,69335.2921686541,70686.48639372483,1724.521162987407,373.326937916665,22028.781993156328,17802.431828920897,21.607091666666634,1059.5685544894013,4523.66426409954,4569.088248028119,45308.476320172376,144
2025-10-01,44087.154216935895,0.0,-1535.7065059193444,42551.44771101655,0.0,42551.44771101655,70628.92545400694,65940.83859894362,0.0,4688.086855063316,21661.412158500993,15727.795103478396,0.0,10345.700010587694,4569.088248028119,6589.031297925238,41605.30638644475,144
2025-10-02,42160.99083000422,0.0,-2504.4934613761025,39656.497368628116,0.0,39656.497368628116,65193.733210941915,57553.20261789274,0.0,7640.530593049178,19426.054592531626,15422.929619083334,0.0,1819.294527777783,6589.031297925238,6935.891965555559,39494.027831910076,144
2025-10-03,16444.904252330645,0.0,0.0,16444.904252330645,0.0,16444.904252330645,29336.610071851286,29336.610071851286,0.0,0.0,14810.72295416404,12245.008444398152,0.0,18953.741862085397,6935.891965555559,6659.97768608303,16574.142500835576,144
2025-10-04,17305.836695787133,0.0,0.0,17305.836695787133,0.0,17305.836695787133,30691.391205475888,30691.391205475888,0.0,0.0,14952.24320317695,12193.493122474725,0.0,14836.658691440332,6659.97768608303,6568.670877303703,17348.60480501937,144
2025-10-05,40356.986022993115,0.0,-1008.0722814404573,39348.91374155266,0.0,39348.91374155266,62142.613511480835,59320.2328430099,0.0,2822.380668470933,17453.909911462666,14584.922715096978,0.0,1715.2845799775534,6568.670877303703,6071.720114179015,39581.68547900026,144
2025-10-06,39038.836507547465,1768.7483795544626,0.0,40807.584887101926,0.0,40807.584887101926,60513.94994272164,62727.07416586971,2213.1242231480646,0.0,19586.007136305172,15573.22791895328,0.0,981.1856985178198,6071.720114179015,6395.53996023891,40655.907671207475,144
2025-10-07,40317.9694148258,1358.5146228373308,0.0,41676.48403766313,0.0,41676.48403766313,62854.76162150651,64453.21692695652,1598.4553054500072,0.0,19783.397845207794,15618.775161339514,0.0,2517.031243088245,6395.53996023891,6846.403397215356,41465.299603783365,144
2025-10-08,39116.33903846525,0.0,-510.6588519254449,38605.68018653981,912.2277256916539,39517.90791223146,61623.44634261357,59988.70860641942,0.0,1634.7377361941471,18150.012008776735,16040.019259327473,178.15235208333087,1578.3725423868304,6846.403397215356,5359.170583639447,40214.52776211041,144
2025-10-09,40030.58074114252,121.85473273260465,-1153.2388431737224,38999.19663070141,0.0,38999.19663070141,63211.67756031184,59823.36236089949,66.20411461394713,3454.519314026289,19439.823047152157,16192.132869863883,0.0,815.6905002778885,5359.170583639447,4863.752581783186,39231.25042277088,144
2025-10-10,15974.247528313523,1041.530871749134,-33.058296436003666,16982.720103626652,1121.6600339202744,18104.380137546927,29896.743916411753,30547.816037938443,720.4412838186673,69.36916229197817,15057.803966576643,11903.1334642632,278.6363643055547,18328.170983263888,4863.752581783186,5190.072302520836,17951.53198035341,144
2025-10-11,16977.380753481415,0.0,0.0,16977.380753481415,0.0,16977.380753481415,31513.519940172304,31513.519940172304,0.0,0.0,15331.4698573431,12226.044516468108,0.0,14301.78101596398,5190.072302520836,5403.9012669428475,16877.223266546145,144
2025-10-12,40237.26635326008,524.8119581468761,-955.9414586550112,39806.13685275194,98.03580773333283,39904.172660485274,63150.531478064164,61062.84486671262,281.0602545652721,2368.746865916818,18576.22376314735,16021.952738101392,20.929933333333224,14.547791666666853,5403.9012669428475,4320.332944773919,40411.7160625892,144
2025-10-13,40195.94386100979,138.00415514821844,-708.7753589698539,39625.17265718816,0.0,39625.17265718816,63721.36664743776,61179.303434115194,73.77638394267842,2615.8395972652456,20012.24526117908,15860.337127063884,0.0,0.0,4320.332944773919,4708.756871986329,39443.234889681866,144
2025-10-14,40003.96243657605,2639.7872568338753,-72.90080295422449,42570.848890455694,144.67811660509713,42715.52700706079,63598.58617515678,65091.9989117421,1646.7411342103192,153.32839762499896,19313.781786128013,15721.736664923608,30.71070189027746,756.8352090946439,4708.756871986329,4622.564185141979,42755.89966157868,144
2025-10-15,39899.83049829654,1753.2266805845036,-30.725847504074217,41622.331331376976,1979.1929769949063,43601.52430837188,63752.7343141358,64589.8912299109,902.5595526166635,65.40263684156298,18505.579535599278,15492.423626713206,343.2883289751742,0.0,4622.564185141979,4063.7817375,43863.25800684738,144
2025-10-16,40305.16406603116,3109.8766826379474,-223.33534050953838,43191.70540815956,1612.3636808805109,44804.06908904008,65356.95325337145,67330.36716668843,2960.5092054045895,987.0952920876132,21514.73279217016,17379.566344907835,258.8641461937509,487.59191561985494,4063.7817375,4116.411978333333,44779.41708423375,144
2025-10-17,16272.67884109965,0.0,0.0,16272.67884109965,0.0,16272.67884109965,31328.499081193415,31328.499081193415,0.0,0.0,16035.09166783951,13082.950309999998,0.0,12372.15840668724,4116.411978333333,4011.3830238333353,16321.87440338745,144
2025-10-18,17294.11685537106,947.4469568927199,-284.529490364991,17957.034321898787,0.0,17957.034321898787,32801.75527903292,32723.00927385792,531.1171209806957,609.8631261556957,16273.011826815835,12555.794075591664,0.0,12929.198255967081,4011.3830238333353,4706.21136175463,17631.576728416454,144
2025-10-19,41816.27312931068,2603.063622247256,-608.2833981259455,43811.053353431984,803.183964951826,44614.23731838381,67267.87298818011,67367.36451077941,2284.938815360179,2185.447292760882,20758.840151368262,17288.06594291037,117.03294510902754,127.90071409722111,4706.21136175463,4180.205339196758,44860.61853934992,144
2025-10-20,42180.566677941555,2904.1087250777905,-485.41845860932665,44599.256944410015,0.0,44599.256944410015,67883.12798736029,69749.13475609929,3189.4386581513813,1323.4318894123794,22012.611863516504,17908.141816237505,0.0,1203.8823421536317,4180.205339196758,4093.6206649866094,44639.81320581005,144
2025-10-21,43616.94726545866,3536.4430977165994,-642.5129638837107,46510.877399291545,0.0,46510.877399291545,69885.13493988456,71963.64687841412,3846.1951585818547,1767.6832200523017,21290.015184110463,16919.48610029167,0.0,1130.5364445953333,4093.6206649866094,4455.205330361946,46341.51114202974,144
2025-10-22,43159.14467441598,2268.8754111696285,-514.376126399797,44913.64395918581,155.5862835180494,45069.23024270386,69752.5994237349,70018.66126063868,2362.6147688866986,2096.552931982923,21801.584075333427,18188.68834075208,27.86910277777679,878.7379288351102,4455.205330361946,3866.9772862152777,45344.75625858216,144
2025-10-23,44570.44844940355,1905.1207968293136,-1506.76387486183,44968.80537137103,0.0,44968.80537137103,72377.06649357588,68220.02151071008,1538.400550606426,5695.445533472222,22195.87947019876,17507.833985684665,0.0,152.47899286265962,3866.9772862152777,4390.11993641121,44723.765354019255,144
2025-10-24,16863.293385284705,163.58084351909966,0.0,17026.87422880381,519.8547739632461,17546.729002767053,32088.645028285766,32201.14712975799,112.5021014722243,0.0,16710.197203695876,13826.586710000001,104.42102173610823,11001.906941131558,4390.11993641121,4066.423297515277,17698.34850842591,144
2025-10-25,17778.163046342786,0.0,0.0,17778.163046342786,0.0,17778.163046342786,33714.63904168724,33714.63904168724,0.0,0.0,16555.988009015946,13321.970497499999,0.0,11082.18879683796,4066.423297515277,4164.623063962968,17732.166275738688,144
2025-10-26,44067.00704032969,1266.7456947646606,-801.0536789071979,44532.69905618716,0.0,44532.69905618716,70675.42408973868,69180.92712031158,1103.6760473533216,2598.1730167804203,21242.54514451834,16714.426146290094,0.0,108.4961054166663,4164.623063962968,4711.329087040479,44276.62195497765,144
2025-10-27,44167.50618172335,1626.5108466411668,-770.6863905065168,45023.330637858,0.0,45023.330637858,70934.41736283667,69136.93416829416,1688.0553754574917,3485.538569999998,20905.457149995145,17180.443513510832,0.0,1859.3388651431792,4711.329087040479,4436.858840357412,45151.89250140435,144
2025-10-28,44469.35066024746,89.93542119203622,0.0,44559.286081439495,0.0,44559.286081439495,70808.44188956705,70874.34331741845,65.9014278513904,0.0,20892.113924655914,16985.92427515,0.0,995.7319679125383,4436.858840357412,4366.5121779366245,44592.23645811739,144
2025-10-29,44180.73301164197,5645.351675616063,-299.7852794281722,49526.29940782986,0.0,49526.29940782986,70451.3517172359,74681.06620661031,5566.481921243417,1336.7674318690083,20226.35112397816,16523.351317230547,0.0,1665.8095998627077,4366.5121779366245,4210.948948149693,49599.16522466206,144
2025-10-30,46022.70952159239,676.8818845185763,-1527.6813509633093,45171.91005514766,312.14962464510995,45484.059679792765,74012.21652562305,69606.62396658858,659.756031361795,5065.348590396269,21992.29486698115,17875.491171981204,65.7953159027718,767.7979374914179,4210.948948149693,4142.357470675833,45516.18792784152,144
2025-10-31,18376.168157984077,0.0,-145.84732900170286,18230.320828982374,0.0,18230.320828982374,34245.339747423866,33984.73928879054,0.0,260.600458633334,17076.13880813796,13735.370425833333,0.0,6739.678839819243,4142.357470675833,4249.359702629633,18180.200983535215,144
2025-11-01,17741.7014549245,148.6194546258025,0.0,17890.320909550304,0.0,17890.320909550304,33414.32639042798,33557.94088008909,143.6144896611127,0.0,17086.67002161179,13388.671605256583,0.0,7315.904030400554,4249.359702629633,4751.060938461821,17655.324050686508,144
2025-11-02,46750.35222713945,827.0078479080889,-571.8888937571425,47005.47118129039,601.8406111626518,47607.311792453045,75216.88156000298,73844.851313206,646.8012697801346,2018.8315165771078,21661.06280972511,18143.40907993022,92.99753126137023,1623.8111813391606,4751.060938461821,4086.6740450697293,47918.5106133179,144
2025-11-03,46879.30389710208,1932.2351938980726,-556.4791852571697,48255.05990574298,0.0,48255.05990574298,74803.81040297152,75073.64325463655,1886.3346650768742,1616.5018134118452,21223.590237284687,16757.07851514641,0.0,1102.2012491649461,4086.6740450697293,4568.929130685494,48029.171623640555,144
2025-11-04,46403.70441253022,2213.5141156799623,-1295.0280564107347,47322.19047179945,1113.7014534824234,48435.891925281874,74153.02977617747,71440.84869240249,1183.0805506640177,3895.26163443899,20413.130660448216,16917.614265664586,171.1296312305545,536.3898955160889,4568.929130685494,4143.397541017129,48635.210921882535,144
2025-11-05,47759.60967013763,830.7785452245796,-843.1386886779611,47747.24952668425,604.7153038401419,48351.96483052439,76572.321063739,74815.38640249238,928.7701099413514,2685.7047711879695,23392.390935676955,18670.290541138747,122.24569191944308,537.5116332069592,4143.397541017129,4451.7821151944445,48207.51749597974,144
2025-11-06,47754.00148251488,1686.971568577806,-386.44116469190885,49054.53188640078,0.0,49054.53188640078,76118.08132947146,76628.46438229678,1568.4324459402274,1058.0493931149103,21644.698940065155,17863.868410482704,0.0,1478.0493027143355,4451.7821151944445,4083.268482938965,49227.14367174925,144
2025-11-07,18496.14731410732,811.7343193986402,-241.42128923922013,19066.46034426674,529.2400857120851,19595.700429978824,34665.2476869196,34628.06193616682,541.2523313527694,578.4380821055535,18149.28092937595,14088.174752466672,97.36473562500034,7345.858711549212,4083.268482938965,4764.093816636576,19276.801843674864,144
2025-11-08,17773.089800606038,0.0,0.0,17773.089800606038,0.0,17773.089800606038,33662.95313909156,33662.95313909156,0.0,0.0,17188.845108212445,14134.382354416664,0.0,6817.283285295783,4764.093816636576,4529.185131342593,17883.12102879774,144
2025-11-09,48284.86184637432,1415.332560770497,0.0,49700.194407144816,0.0,49700.194407144816,76809.88590160917,77571.46583976023,761.5799381510534,0.0,20586.56886136738,16730.11580734061,0.0,2368.1956024001283,4529.185131342593,4468.079542861445,49728.816264789384,144
2025-11-10,48318.41296909472,5487.283620844278,-486.30793695027046,53319.38865298873,363.13485339122633,53682.523506379956,76671.1279260715,79274.72691010525,4785.212072294486,2181.613088260719,19509.209783573388,16008.06628176974,84.3542791666616,1999.4945874682762,4468.079542861445,4239.628034999999,53789.530192662256,144
2025-11-11,48563.21087497211,804.4464178197328,0.0,49367.65729279184,0.0,49367.65729279184,76707.91122678772,77787.24060407611,1079.329377288393,0.0,21267.105109356293,17299.78241005259,0.0,2260.898238105753,4239.628034999999,4158.04217780667,49405.87210830119,144
2025-11-12,49745.14361433671,1234.300917849275,-863.3091080451956,50116.13542414079,0.0,50116.13542414079,79357.66417238415,77320.40595316341,1007.5717034312534,3044.82992265199,22030.57498533654,17421.18566554652,0.0,1755.0288833733919,4158.04217780667,4628.6867028912075,49895.685528591195,144
2025-11-13,50442.673751211594,296.9306222854743,-766.6542836943798,49972.95008980269,0.0,49972.95008980269,79424.45060794544,77087.12225064271,201.23638002778262,2538.5647373305073,20457.86551625805,16630.956657041665,0.0,864.342074759667,4628.6867028912075,4561.9249374771625,50004.22130072263,144
2025-11-14,18498.317779546847,0.0,0.0,18498.317779546847,0.0,18498.317779546847,34738.140284286215,34738.140284286215,0.0,0.0,17723.156523333815,14351.260551079835,0.0,3767.7890120322345,4561.9249374771625,4566.920751722229,18495.97774015446,144
2025-11-15,18524.058790918913,437.24295409569214,-232.93564487435773,18728.366100140243,965.587304112044,19693.95340425229,34842.049539164596,34771.15837626429,414.33767785555705,485.2288407558658,18077.96757114793,14754.957221679831,157.95637233961133,3394.217482469139,4566.920751722229,4442.694652777777,19752.14090899787,144
2025-11-16,50057.00210629417,3198.8940062519187,-401.4621018511752,52854.43401069491,0.0,52854.43401069491,78906.20174060266,80260.85105766961,2709.723261584274,1355.07394451733,21516.326746434665,17163.471927161823,0.0,1473.451855063439,4442.694652777777,4736.864361055835,52716.644919337465,144
2025-11-17,50197.16063807883,1044.529170222927,0.0,51241.68980830175,0.0,51241.68980830175,79158.92321436672,80221.78512533696,1062.8619109702418,0.0,20889.416572853504,17049.66993738423,0.0,3686.2841565343483,4736.864361055835,4593.261568419294,51308.95335637271,144
2025-11-18,50766.49048619129,624.7902275144902,-213.93200190002523,51177.34871180575,0.0,51177.34871180575,80723.98425742077,80439.93978788529,415.7717875873052,699.8162571227869,22834.72892965644,18302.3104291111,0.0,1016.9694540066178,4593.261568419294,4808.617128319978,51076.47616754827,144
2025-11-19,51602.60812592088,3089.3890850317725,-703.7630017097827,53988.23420924287,0.0,53988.23420924287,81404.69539444176,81323.57561739387,2601.4071617751256,2682.5269388230054,20751.168972766038,17062.01597834514,0.0,2266.111022972987,4808.617128319978,4526.873672314814,54120.202844035695,144
2025-11-20,51671.19890328498,0.0,0.0,51671.19890328498,0.0,51671.19890328498,81309.72252306872,81309.72252306872,0.0,0.0,22956.692917808643,18431.6535259317,0.0,1991.607097858448,4526.873672314814,4708.282269529597,51586.227116349575,144
2025-11-21,18949.91024747915,862.1401200448911,0.0,19812.05036752404,0.0,19812.05036752404,35369.82085360065,36383.21750838892,1013.3966547882718,0.0,17570.009263393033,14181.145798525204,0.0,4129.969976854427,4708.282269529597,4764.461941555327,19785.735809147187,144
2025-11-22,19064.799347041015,748.6830487091435,-32.34416613541041,19781.13822961475,0.0,19781.13822961475,35876.65813956963,36346.77871886268,559.6141772124978,89.49359791944298,18276.980627900113,14816.547026434304,0.0,2666.5156340635394,4764.461941555327,4750.914477293985,19787.483861874764,144
2025-11-23,51156.438972679935,2969.992020723663,-1115.0207553023288,53011.41023810127,0.0,53011.41023810127,80977.21231416095,80146.71539990792,2577.335480975093,3407.8323952281175,21898.143485448567,18183.359980208334,0.0,1199.8356113343607,4750.914477293985,4255.510302855107,53243.45755340844,144
2025-11-24,51822.32914488902,0.0,-878.5191397499684,50943.81000513906,0.0,50943.81000513906,81351.22849742095,78255.2811373118,0.0,3095.947360109134,20932.724976331257,17082.80444374167,0.0,243.41690472222206,4255.510302855107,4114.068955173607,51010.06113239307,144
2025-11-25,52654.21368483242,1321.3911100166913,-3.1962479044999577,53972.408546944614,0.0,53972.408546944614,83112.26611422161,84156.3713072716,1057.8171102722265,13.711917222222041,22372.475088483363,17681.102280861098,0.0,3296.3380329826846,4114.068955173607,4603.627333851857,53743.09940237172,144
2025-11-26,52928.4137322359,903.5500505278633,-2.439793932506937,53829.52398883126,37.65631539999846,53867.18030423126,82601.77009056014,83720.29481792988,1125.5976188975255,7.072891527777756,22223.684616810682,17727.46885906666,8.039349999999672,2474.451526852527,4603.627333851857,4907.755867796294,53724.72649893168,144
2025-11-27,51242.23627443799,1742.6028960094907,-460.0604597850337,52524.778710662446,0.0,52524.778710662446,80714.48739511667,80525.34116109552,1649.7672365361407,1838.9134705572744,21877.492056628667,17915.223050368513,0.0,782.1794215020461,4907.755867796294,4691.695329463737,52625.981466817415,144
2025-11-28,19723.633389301845,515.2726430476802,-41.20371980112755,20197.702312548397,0.0,20197.702312548397,37169.07892657201,37413.40013814007,348.82408705769444,104.50287548964161,18983.7424822288,15270.982815465044,0.0,2779.401921376309,4691.695329463737,4809.304879619603,20142.61399925539,144
2025-11-29,19614.67629252481,1817.1082957922843,-48.324086540695475,21383.4605017764,0.0,21383.4605017764,36749.119383941346,39152.65429330178,2506.0925727580698,102.55766339763375,18419.95791378686,15212.325974600131,0.0,1015.5722541150565,4809.304879619603,4484.682585805409,21535.51358419897,144
2025-11-30,53022.389499054494,2542.538690560847,-110.61034361304625,55454.3178460023,0.0,55454.3178460023,83398.69908572178,85403.73636036678,2394.3732254125075,389.3359507674982,23114.909869338295,18940.38495279424,0.0,984.3833271560633,4484.682585805409,4243.229298438501,55567.41456580496,144
2025-12-01,54463.77373567901,10858.20133435129,-167.40911215617368,65154.565957874125,96.09380128798463,65250.65975916211,86191.5965379194,93951.41386788983,8472.538323808769,712.7209938383363,24642.352541875603,19966.219840097223,24.753683999996042,3001.1071167781215,4243.229298438501,4236.657874907408,65253.73781394408,144
2025-12-02,55490.25547748674,10839.76644324755,-8.216890453812407,66321.80503028048,279.64299026905996,66601.44802054953,86811.58015679655,95591.13938443208,8819.082807218856,39.52357958333289,24766.917910573546,20147.14647893125,48.00077645833289,2381.5587792481188,4236.657874907408,4141.165684500002,66646.17656253636,144
2025-12-03,59550.24913080136,3480.4042500377036,-182.4763198926651,62848.1770609464,0.0,62848.1770609464,93001.94335983488,95243.97345423042,2919.014053642788,676.9839592472534,23879.39655977605,18982.370121666092,0.0,3184.1984494537983,4141.165684500002,4541.100230891668,62660.847719416546,144
2025-12-04,61270.85271200151,2675.370817004432,-428.76303944850014,63517.460489557445,71.2996667899992,63588.760156347445,94310.9971497595,95424.51115825977,2103.9088860123506,990.3948775120733,24527.78638779527,19349.575602499997,13.015638333333186,3488.107261297841,4541.100230891668,5116.579532685189,63319.20565138736,144
2025-12-05,23260.30028618832,4093.3053450240704,-321.2878384929672,27032.317792719423,0.0,27032.317792719423,44413.27356551872,47249.6011000252,4273.361570710178,1437.0340362037073,20421.381055606984,17098.397060458334,0.0,2614.98942154321,5116.579532685189,4497.603526666669,27322.246153938497,144
2025-12-06,23840.08298756163,4105.394897098327,-29.01608507081964,27916.46179958914,0.0,27916.46179958914,45277.127031032505,49890.35843028806,4729.065156734132,115.83375747857389,20768.553262882946,16836.608992519436,0.0,2293.783343257895,4497.603526666669,4481.958138239722,27923.79009952832,144
2025-12-07,59310.01788255443,2738.110176682226,0.0,62048.12805923665,0.0,62048.12805923665,92516.54119293168,94849.77138060136,2333.230187669688,0.0,24837.251742696604,20108.677239866665,0.0,2468.5156277714345,4481.958138239722,4492.5099957037,62043.18556920053,144
2025-12-08,62828.2053124839,1071.5596363565253,-714.7255069006344,63185.03944193979,0.0,63185.03944193979,98153.97306490185,96251.89480250726,815.8761425111113,2717.954404905695,23705.826268580247,18723.564365966664,0.0,3422.4217832270156,4492.5099957037,5023.793230796299,62936.18637462242,144
2025-12-09,61367.09639536837,518.2280826166657,-498.1216303129289,61387.2028476721,245.7269131158323,61632.929760787934,95172.77411654465,94212.71765940088,359.5814747871751,1319.6379319309478,24250.654171954044,19809.275855078806,42.06572166666649,2424.9507975256493,5023.793230796299,4839.07547991182,61719.45155530222,144
2025-12-10,62781.91021716213,672.7049634485483,-348.01356466883897,63106.601615941836,0.0,63106.601615941836,96925.48732478087,96317.37358445278,524.1024676374476,1132.2162079655347,23006.719829545094,18229.173911732985,0.0,3152.2091999740087,4839.07547991182,5290.485646799091,62895.161093771836,144
2025-12-11,64216.657523787944,0.0,-1665.5931275122894,62551.06439627565,0.0,62551.06439627565,98525.77842318351,93526.18182060755,0.0,4999.596602575961,22248.321543434828,18248.974855194443,0.0,3565.580432367178,5290.485646799091,5037.336307896602,62669.639546617575,144
2025-12-12,25875.337628128393,2295.0226382655023,-457.55729008260926,27712.802976311286,0.0,27712.802976311286,48698.99455303492,50044.97504741722,2818.311439706684,1472.33094532439,19854.720039729087,16392.164184583333,0.0,2868.0057089381316,5037.336307896602,4693.06858300463,27874.057978650686,144
2025-12-13,24399.588726546088,3358.16489018582,-5.488140134749995,27752.265476597157,0.0,27752.265476597157,46372.30641882772,49788.671009132435,3439.9087350269324,23.5441447222222,20325.31976490626,16276.616640593878,0.0,1941.4345014867195,4693.06858300463,4900.726770760399,27654.998381452355,144
2025-12-14,61621.66416323059,424.10380330068494,-255.76403911467492,61790.0039274166,0.0,61790.0039274166,95809.35341592632,95483.9071435989,315.59524282088535,641.0415151483129,24371.68971910025,19910.34767806544,0.0,2243.8433025640898,4900.726770760399,4712.6389867668,61878.1042454392,144
2025-12-15,66154.48654206398,0.0,-288.06257358931794,65866.42396847466,0.0,65866.42396847466,102183.98517287114,101750.92787832044,0.0,433.05729455069064,23031.41138898339,18550.59062077888,0.0,7800.5491434492715,4712.6389867668,4829.141880430871,65811.85401308241,144
2025-12-16,66204.53410401229,0.0,0.0,66204.53410401229,0.0,66204.53410401229,101541.24243262866,101541.24243262866,0.0,0.0,22853.976091885255,18150.471961603493,0.0,7419.646969013559,4829.141880430871,5230.5292946792715,66016.52423917834,144
2025-12-17,67263.72143943945,0.0,-3261.979262335294,64001.742177104155,178.15333829479061,64179.895515398945,103098.73980688969,95154.82853901634,0.0,7943.911267873353,23719.30749046267,19811.79418159722,30.649985416666482,3086.118148900893,5230.5292946792715,4564.801389876551,64491.72246600854,144
2025-12-18,64632.327616970426,0.0,0.0,64632.327616970426,0.0,64632.327616970426,99971.11908714144,99971.11908714144,0.0,0.0,24059.14833496844,18925.030703283333,0.0,7470.734488789683,4564.801389876551,5190.222998811112,64339.38013534548,144
2025-12-19,26630.213429237425,2018.29282731944,-1178.0274074473691,27470.478849109495,0.0,27470.478849109495,50237.83030514526,47323.11885722376,1118.2872996813837,4032.99874760288,18212.43950114014,15500.933774389621,0.0,1703.2218304732464,5190.222998811112,4358.158800515434,27860.21771959119,144
2025-12-20,27786.561586424483,1034.568499876325,-1232.1816566573139,27588.948429643493,0.0,27588.948429643493,52166.3681297783,48461.709003591764,587.0457922392196,4291.704918425754,20078.91714116598,15771.580903222224,0.0,1298.0205156480063,4358.158800515434,4905.205446206791,27332.711780801663,144
2025-12-21,64326.024676492765,0.0,0.0,64326.024676492765,0.0,64326.024676492765,99689.53863206934,99689.53863206934,0.0,0.0,23446.87316594308,18944.3833708,0.0,6149.266970259588,4905.205446206791,4958.07643911111,64301.25990341638,144
2025-12-22,63488.690862941454,0.0,0.0,63488.690862941454,0.0,63488.690862941454,98230.40306812308,98230.40306812308,0.0,0.0,23559.169276403238,19400.907284261822,0.0,5134.7139926483405,4958.07643911111,4604.765138694222,63654.181876056726,144
2025-12-23,62747.944845782964,94.80624722380063,0.0,62842.751093006766,0.0,62842.751093006766,97496.34726402347,97552.90379011305,56.556526089583485,0.0,23532.07711217874,18756.937120474777,0.0,5519.671265075762,4604.765138694222,4942.59329468312,62684.51238474157,144
2025-12-24,63302.90079050627,0.0,0.0,63302.90079050627,0.0,63302.90079050627,98401.77581436154,98401.77581436154,0.0,0.0,22977.257826105182,18856.294243599998,0.0,6426.252915189699,4942.59329468312,4670.687289733333,63430.26156322475,144
2025-12-25,62346.2913450545,0.0,0.0,62346.2913450545,546.6728637721765,62892.96420882668,97386.70302010799,97386.70302010799,0.0,0.0,23243.55839767281,18956.431464416666,80.15810088477303,5367.285654403291,4670.687289733333,4527.188220509232,62960.17917285125,144
2025-12-26,26487.70902018961,0.0,-16.280495727721803,26471.428524461888,0.0,26471.428524461888,50199.9041451434,50173.27156584073,0.0,26.6325793026694,20361.33586404324,16032.09329909465,0.0,2836.4065675588126,4527.188220509232,5038.953499154096,26231.717667944635,144
2025-12-27,27368.765043747273,98.61732660654522,-949.2157882055141,26518.166582148304,0.0,26518.166582148304,51561.9793044104,48606.504541228955,71.51330793412785,3026.9880711155765,20958.966666224525,16981.74942775432,0.0,1290.4782360920808,5038.953499154096,5033.413023473592,26520.761740957052,144
2025-12-28,64208.22348496829,0.0,-1799.2709225899137,62408.95256237838,318.7837401266294,62727.73630250501,99459.34617728648,94037.53864058401,0.0,5421.807536702475,23556.84431604186,19129.011797703468,54.71137951388846,2855.16275175951,5033.413023473592,4980.115354907405,62752.70093046141,144
2025-12-29,64549.61651285403,823.7645309167376,-1841.7572957275265,63531.62374804324,1950.7586316165239,65482.382379659764,99868.69667169132,95152.63795043102,416.9215457766985,5132.980267036997,22233.100863978914,18463.43504423333,327.2493714236107,4186.455235442387,4980.115354907405,4474.978305562499,65718.98857357292,144
2025-12-30,61623.70524787135,278.93732171141016,-1544.50279770855,60358.139771874216,1222.4176048260952,61580.55737670031,95789.93568599502,91873.51681864071,143.72639157531728,4060.1452589296264,23925.896282896094,19448.35854556875,203.5774188999978,1375.1539002133793,4474.978305562499,4398.997687314814,61616.14669828752,144
2025-12-31,61139.96158013057,0.0,0.0,61139.96158013057,0.0,61139.96158013057,94829.02503952806,94829.02503952806,0.0,0.0,24750.54246574074,20040.493734666667,0.0,1472.5533751206558,4398.997687314814,4407.270645740739,61136.086526403866,144
