path,size_bytes,sha256
Q2\results\q2_deep_search\ADVANCED_EXPERIMENTS.csv,2224,01397fd79a02440380e6c3032eedf97d0bb9c6340185df0a6963c758d79d5a21
Q2\results\q2_deep_search\calibration\SCENARIO_CVAR_SELECTION.csv,1192,e6b37a47de61f9e031dfdde12c712bceb33f3fe12ca65c88cbc1a7bb29875591
Q2\results\q2_deep_search\calibration\SELECTED_CONFIG.csv,209,946fdd9d911c07cfa6c05ae9a7b0aa0068efabae57cf47af330b07b9e867fa81
Q2\results\q2_deep_search\daily\CVAR_90_M.csv,59389,0a66399f7168f5a7fb04b88154e7ab618f60bc83a38bdb259ac6d936df2c966e
Q2\results\q2_deep_search\daily\CVAR_90_M_V2.csv,59263,0ad83914325049afbb4cc28191f794c8f505e977e89d407b408cb9905ff60b98
Q2\results\q2_deep_search\daily\CVAR_90_S.csv,59886,76d7e1976c61d44879792adc2c8afd7c91a45c8d1e4c0fc72b4d2744171fddc1
Q2\results\q2_deep_search\daily\CVAR_90_S_V2.csv,59666,bdb7f90d86bc0aa66a1cf9eebb401acc78a2c8f21f9b1448191bee9c9eddf2ed
Q2\results\q2_deep_search\daily\CVAR_95_M.csv,59332,3f5946b71a8ffb858baea9b7cf952b821fca160b9dcbb3dc76523f14a8c8378b
Q2\results\q2_deep_search\daily\CVAR_95_M_V2.csv,59201,c54fbb332924e2ba06619ce0d2ef99da4dd40247ca69cb2f148734c6f9071d70
Q2\results\q2_deep_search\daily\CVAR_95_S.csv,59894,6c596b2b736502dab5a40df1287fe14d428159f3aec3062b3f9debd05653116b
Q2\results\q2_deep_search\daily\CVAR_95_S_V2.csv,59666,c1ae2d7d1f70e81d598fe2d1996ba8b1f4c7b2a302d56a85ca1e7e5e9e8c610a
Q2\results\q2_deep_search\daily\CVAR_CAL_SELECTED.csv,59833,28b79853907e2ae730a02eb30f191f4bd8063dda9e85566f15bdc0e7930273af
Q2\results\q2_deep_search\daily\CVAR_CAL_SELECTED_V2.csv,59833,28b79853907e2ae730a02eb30f191f4bd8063dda9e85566f15bdc0e7930273af
Q2\results\q2_deep_search\daily\F00.csv,56637,c606170f6ca82c84316f06938010c1ec6cb298eb3b64ae6d5bd3c2d98a82f78e
Q2\results\q2_deep_search\daily\F01.csv,54543,cd15df09a89a4d9e88a45185b0854c2d3a62e63bd8035ef0254cda12a4f20f79
Q2\results\q2_deep_search\daily\F02.csv,54549,1a92542b5db209168659a7651b6e8bc09ef0dc6fe9a256c562a127e99b384e8d
Q2\results\q2_deep_search\daily\F03.csv,54200,907c4602400907a3bbb2d09e1465ae085a2b4d406d07815ee8ab2869ef7b6d01
Q2\results\q2_deep_search\daily\F04.csv,54232,297e2db6a382629a0f2c5ecf924e81d403f1f2e76bf151c23f26b072870da39c
Q2\results\q2_deep_search\daily\F05.csv,54175,564ba09fea7532cc0bc9c108e0b03741d6ec8592e383a780062559b6802f50fd
Q2\results\q2_deep_search\daily\F06.csv,54742,3f83c1ab22d44f6e7937ebfbc904a4560df5b8bb97bf82545a9c76503a5cb2c6
Q2\results\q2_deep_search\daily\F07.csv,54276,3636582c926ae463b07acbd2f29528e1232d5f1a49a4080a86f321276926a134
Q2\results\q2_deep_search\daily\F08.csv,54331,e699eff334bb8b1f8a2613f1dd2e29e3156fa67c3b1369cc2bcafd9f3c1696b8
Q2\results\q2_deep_search\daily\F09.csv,54692,75fcb166b37545b72a6155f1fee4362f9b05711cf7367f11f43b787ddd9b8cd1
Q2\results\q2_deep_search\daily\F10.csv,54488,ab15aa5b3ed8ffb6cbc1df7385bf4aabd6a245b13c10117543016f534d5fedf2
Q2\results\q2_deep_search\daily\F11.csv,54662,a814936ad7f063b0eafb80479d0f42cbbb081428303e002a3ab885179116fefa
Q2\results\q2_deep_search\daily\O70.csv,53699,2aca35207bbe4cbc827906a1c929a9eeed00fd58a7d35ad086d3b93b10b75d11
Q2\results\q2_deep_search\daily\O71.csv,53062,2fb4aa395946910229ca07b676c2698e8d4bc60c860bb2708566ac9b09caecd9
Q2\results\q2_deep_search\daily\R00.csv,57055,aef32a9c40d259e32efea14ee5de992be31d4b474d95df9ee299f664227e2c6a
Q2\results\q2_deep_search\daily\R01.csv,55775,f182b8a4e02cd272261ce2267c6906227ff27a412aa27ce2d2da72ebd83c53b0
Q2\results\q2_deep_search\daily\R02.csv,53613,a7c1ab13244f1a39937b68e103e5feb2716f7eddcd89513dc265841fb883cbb0
Q2\results\q2_deep_search\daily\R03.csv,52939,29eab9038b502feff856eaaaa98ba13a43763cfdbfb4eeaef15a1a2786888781
Q2\results\q2_deep_search\daily\R04.csv,54629,4faabbe55a47ac5e2099b37f2a0f0b5da781221c09e656c5d036cfff094dd22f
Q2\results\q2_deep_search\daily\R05.csv,54484,20b719887e6bae38dd67a0eca4016e28ea3476ad80acc0652c8f286dd4062b1d
Q2\results\q2_deep_search\daily\R06.csv,54339,6a0ef0b3ef65e98b7b7640963469e4b9730b462389a30be3b35537d4eb67cd5d
Q2\results\q2_deep_search\daily\R07.csv,53996,18567ff76398cacfcdfa340dd7c52bf03ec150bbb0faf1bae5774062b7e05737
Q2\results\q2_deep_search\daily\R08.csv,54293,faaf9d3193f3b2697e3cd28892339aed1628d242dc9cd0f3503564964efc75a0
Q2\results\q2_deep_search\daily\R09.csv,54159,cb2c2ec380ad4b6fe69c5d7d681ac6366e968a6993a89adf1b86f11b8c59ed3a
Q2\results\q2_deep_search\daily\R10.csv,53977,be22f2f29babb4b2a59e2fe3bfdcca168cee63551e69309b0d27838654c347f4
Q2\results\q2_deep_search\daily\S_DAYTYPE.csv,60417,aa315cae1af64021f0c94bd67b1c4e851af9c1bb526e04de2b0d9d82e5bdc692
Q2\results\q2_deep_search\daily\S_DAYTYPE_V2.csv,60417,aa315cae1af64021f0c94bd67b1c4e851af9c1bb526e04de2b0d9d82e5bdc692
Q2\results\q2_deep_search\daily\S_MEDOID.csv,59888,af560ecb745ece6a793f17415d1ac632a9276c3987b65f4df4dea1162db48901
Q2\results\q2_deep_search\daily\S_MEDOID_V2.csv,59875,b8d9dfa7ce3d872b7d9a1b6cfa364cb55b71b7362ca4966dd82596dd63bc33f4
Q2\results\q2_deep_search\daily\S_REC_002.csv,60507,847845c3c75352856b67bc22574465f76eee8c3be8ad5e217993fb7eba4b6bd7
Q2\results\q2_deep_search\daily\S_REC_002_V2.csv,60268,a457e7f7772a321dbd1fe4c77d793678bbf140079e42abe6d34f2d49f592ce0d
Q2\results\q2_deep_search\daily\S_REC_005.csv,60719,f60e630d79ef83be0041acc81df76baa33e3000286bc34f956fa7931ebc047b2
Q2\results\q2_deep_search\daily\S_REC_005_V2.csv,60483,ee06acff9244417747acff6f69ac8c0ec169e20fa071aa53ba08398e6925b60a
Q2\results\q2_deep_search\daily\S_TREE.csv,60417,aa315cae1af64021f0c94bd67b1c4e851af9c1bb526e04de2b0d9d82e5bdc692
Q2\results\q2_deep_search\daily\S_TREE_V2.csv,60417,aa315cae1af64021f0c94bd67b1c4e851af9c1bb526e04de2b0d9d82e5bdc692
Q2\results\q2_deep_search\daily\T10.csv,54558,49afe3d97a8e8ca5cbc33e57c973af26349c9974fe581f54d634a0e695e30e9f
Q2\results\q2_deep_search\daily\T30.csv,54559,6235d2bc851a668310a97d67c9d2904591149f179278848762b5d184177770f0
Q2\results\q2_deep_search\daily\T40.csv,54559,1d29a444ea15885dc8b682df297ab6ef0bd32f27ce25b97f52b55188bf0b82d3
Q2\results\q2_deep_search\DRO_FEASIBILITY_REPORT.md,384,b13348eed0c64130501ff190bc74ba0b3306fbf3d09b4689143930dca63220d4
Q2\results\q2_deep_search\EXPERIMENT_LOG.csv,18297,48e68ccb4d6bd043f650ffba07d034e546275797c3d371612e78def3ab9b1afb
Q2\results\q2_deep_search\EXPERIMENT_LOG_DETERMINISTIC.csv,12364,648ccbc3981a60831160a4588e7fb4a008ace06ebf9e8a2b36585b11407e8fa0
Q2\results\q2_deep_search\FREEZE_GATE.json,276,e15ed983606dbe9909d8251a980303ec07481d7e16da163aae03d6936fdaf5db
Q2\results\q2_deep_search\FULL_RED_FLAG_AUDIT.csv,906,2bf6864ecb3fc626be79af3a67281e7a207c23357a01879e33531daaac0f85d9
Q2\results\q2_deep_search\FULL_RED_FLAG_AUDIT.json,1938,bcb85c1c1a64f6621cefc8298fddf4cc032af249a6822163682ea0d09078cc63
Q2\results\q2_deep_search\METHOD_REJECTION_TABLE.csv,636,dd53f4f14951d80d38da558a4a2c6a45be2a866ec60f78d52dd0a0c3448e2abb
Q2\results\q2_deep_search\MODULE_VALUE_TABLE.csv,1791,c0e1cd2bada51f2cde852cc188253543ea62fc9a03fd6f28fb0d4d1cbf15425a
Q2\results\q2_deep_search\price_of_robustness.csv,284,5fd200de390e9c83c956ee81b8a3fe199a459df2df4dc7d8e592a96470ff91ce
Q2\results\q2_deep_search\raw\CVAR_90_M.json,1003,04a12ce00307eb8c4d8fc3a87514646461acdd8ca40bf3612c0304f93b9fbbd1
Q2\results\q2_deep_search\raw\CVAR_90_M.npz,859310,0f6ee5fccd65b64ed4a38c01b74df50ed5b93f23f2dfbc2d038f6649b4ae0c74
Q2\results\q2_deep_search\raw\CVAR_90_M_V2.json,1007,1055ca6e05f189e1123616d86eddea913b4c0dd2a3685cda5e4738c2efec643b
Q2\results\q2_deep_search\raw\CVAR_90_M_V2.npz,858327,3bba8c70de556091eacfb238e4eeea2f74657ce360d6ce3e9fbf03327040708d
Q2\results\q2_deep_search\raw\CVAR_90_S.json,1010,26685f9a7c04f6a141f4eb10afb480848f208ff9ed4dd4d90fc41bcfdb36ff85
Q2\results\q2_deep_search\raw\CVAR_90_S.npz,865343,590f313fabfa53fdf10186429d2e6a7ab0dc57cf4cba5de571f929a4b1d7cbdb
Q2\results\q2_deep_search\raw\CVAR_90_S_V2.json,1004,fce5d9e314a661b19c2b3dc44d2037646a49e070954e5f2e02d11142653ffda5
Q2\results\q2_deep_search\raw\CVAR_90_S_V2.npz,864112,0751d8ada4ce5752f44819ae584c838e3351bf166e288fca51628d7243b8009c
Q2\results\q2_deep_search\raw\CVAR_95_M.json,1006,4dc76f416cc6fd3ced61a79c886baa24e3738ec27c2164466e547f70074543be
Q2\results\q2_deep_search\raw\CVAR_95_M.npz,858179,17410e681114bfdcc1cb7c56f8e1dd667a61c9cfb66400adb64a0b65df0cb003
Q2\results\q2_deep_search\raw\CVAR_95_M_V2.json,1007,93c62eeab057e07d2594573cae4d56ae349e75990a06aa48bb2ea82a674c396a
Q2\results\q2_deep_search\raw\CVAR_95_M_V2.npz,857190,61d5ded1f69ea048b3723defe97d801fce2764ae135f98933ebead9a693ab8e8
Q2\results\q2_deep_search\raw\CVAR_95_S.json,1010,c3b0f0aae33fd60b62aaad10f53aabe1e18d083a6312d383b35d8f1b845d76b8
Q2\results\q2_deep_search\raw\CVAR_95_S.npz,865284,2453793dcba1f058677286514017328dffa97ee341ac76d565f72fe00beb8cc9
Q2\results\q2_deep_search\raw\CVAR_95_S_V2.json,1008,13d4c5d93f80938dbd9a34724a847dfe23d13ebe513fb5ecd912212cc4820b54
Q2\results\q2_deep_search\raw\CVAR_95_S_V2.npz,864006,acfd1605d8a5e5be04f28580aa935e42e0c6585dd491e0d71aaf550b2ee416d7
Q2\results\q2_deep_search\raw\CVAR_CAL_SELECTED.json,1006,6a19555f5832680c96af19d23131e684caad3362c2581d7267e4032dcfcbfea1
Q2\results\q2_deep_search\raw\CVAR_CAL_SELECTED.npz,862745,00b5a866decb3439375fa3c9d3700a707551331201a48bd1aea213265892d9a7
Q2\results\q2_deep_search\raw\CVAR_CAL_SELECTED_V2.json,1006,2b1fba80e7ebb41c6ec52506e9c26645afad901bf10f43c30ad61c191e4187eb
Q2\results\q2_deep_search\raw\CVAR_CAL_SELECTED_V2.npz,862745,00b5a866decb3439375fa3c9d3700a707551331201a48bd1aea213265892d9a7
Q2\results\q2_deep_search\raw\F00.json,793,50c8a47b94a6d591b6fc450c0f9941bd0a90145f0540f0501a1ae23caff48c19
Q2\results\q2_deep_search\raw\F00.npz,805405,d4776268782767a882474731b36c376f518f464335f62475a83ed1bbb683213f
Q2\results\q2_deep_search\raw\F01.json,800,0dc2bf4780e1346729d3fa0665b19647358aabf8fe85661354261784ae651e01
Q2\results\q2_deep_search\raw\F01.npz,824645,ca5d5aec03fc1152c38a27245fa6c7f5f60987c2b7c7f185fc7e067a41b12df5
Q2\results\q2_deep_search\raw\F02.json,799,3da9a4db9a66451f5d6ffe9565b51fae6735032362ddbd1cf2d5a92be512f0e9
Q2\results\q2_deep_search\raw\F02.npz,829348,07a22cc700231f04da3e3c8baf569506aca15a794cdc93dd952e5fda33c8b860
Q2\results\q2_deep_search\raw\F03.json,806,164b9cd965df81e6fb627354e4b3957b0fc618f36edecb4ffb08fe5dc2ac2bcd
Q2\results\q2_deep_search\raw\F03.npz,853752,a73256f23c192d8ebb5a16a5e62835fbd1c06b56860d58dfd85f6a013d2ff3b6
Q2\results\q2_deep_search\raw\F04.json,806,313e08035ad940ade325c0848b76b3d3ec50fe813dea95c87b85fbce30266769
Q2\results\q2_deep_search\raw\F04.npz,854447,9bd802a78e61599d7eef72ff86fb11bae6195aa67c7aced1dbc69fd616a92c51
Q2\results\q2_deep_search\raw\F05.json,806,8ef52321d4319e559eb2853494e2a80c59bba3c376f80dc713392510739063d2
Q2\results\q2_deep_search\raw\F05.npz,855081,d6ce1e73a446393730820b639d82cb5703585089c6bfa2db5fb689dc2c73209a
Q2\results\q2_deep_search\raw\F06.json,789,3e1500728c3d66ffc4dd27d6f7d97bcc8207ed704127cc49a28826c6ebdb7967
Q2\results\q2_deep_search\raw\F06.npz,840132,d8fd25395067615011f1e80e614337f15b52f39130efa8ba0793c4c5ea1e6f80
Q2\results\q2_deep_search\raw\F07.json,789,e542fb1a1c56f7e234d158982240a26ca5c24f1b4e8060c86e656cee2baf196f
Q2\results\q2_deep_search\raw\F07.npz,824570,ecd5a524f94dd671d870bc23ef015a501b8023215590deadf85397f37ddf5b1c
Q2\results\q2_deep_search\raw\F08.json,796,1bb66564d6cde4715b70e93ae39b2270a3bd994410084ef46fac6a5fef9494a0
Q2\results\q2_deep_search\raw\F08.npz,844884,43f5aad4e5fa17ea6dc7b8a2243cfa966c16de771ae2be996e5e31c305862cce
Q2\results\q2_deep_search\raw\F09.json,788,1c672a77f8fc73537dae65e5f7e1e8904d6064385b7e67bacebec0ffe6131f86
Q2\results\q2_deep_search\raw\F09.npz,851620,3a3c5547da6272c4080deb99b569bc82b6d17cb8576899476175a5a14ff5e49d
Q2\results\q2_deep_search\raw\F10.json,790,e15128288412b43b1ca0f0cbd7c09afcf9131ce3593e7b959f576ce45f6bb6a8
Q2\results\q2_deep_search\raw\F10.npz,829362,4a8629e93fbc31456f9ed6a4fa8ff87afd97e9e069319d5c35c105e7f6fad64a
Q2\results\q2_deep_search\raw\F11.json,789,4dba8fb86af300270b2330f9f8de1f446fec0add4a44b5d80f1c14a044bfa92a
Q2\results\q2_deep_search\raw\F11.npz,849370,714e20bfdb706be6691bc1343f970d0183eadd615c33745976f8516015c10cc4
Q2\results\q2_deep_search\raw\O70.json,794,442881637b0e59767461aea4ec254b1b502638ddf978d69605b2ca3f77843d68
Q2\results\q2_deep_search\raw\O70.npz,802460,c5b4062579c087f7ab5eff27cdc6583be74dadfc7a79781d9ffdc2b5d7ccb9d5
Q2\results\q2_deep_search\raw\O71.json,796,99ba9bda557337dd687495ebf8de597359ff36dbaee49a843da99037d2eaca4b
Q2\results\q2_deep_search\raw\O71.npz,816694,c1fe23bfdb8d5ba3e5b8e51fed620a327b9cff7960eca5ebd24af09b3069789d
Q2\results\q2_deep_search\raw\R00.json,797,457ccef2cdb2b39af6d87ac1f356857cb6221976c0fd7217f56ab4b9a41c3243
Q2\results\q2_deep_search\raw\R00.npz,847405,775b90336e5fe30c9a3f19e28c8d836bca72bb38f217491b23d0d04e80bd6d2a
Q2\results\q2_deep_search\raw\R01.json,800,3f4a31164bbd7f59c1fba9e3b68cba80754a760ed9377addbb7b97c0f8418951
Q2\results\q2_deep_search\raw\R01.npz,819144,a20a88d0b71587492da16f853a503fb967b33473e9819d505dcc43db40809e35
Q2\results\q2_deep_search\raw\R02.json,786,c244d9107586e8eb83416dac87587193b51b3aa7f1d059f6d57d83ca98cb04b6
Q2\results\q2_deep_search\raw\R02.npz,828191,e43cd730ac97b66d013b1eea0c91ef580371072c53383520357e2adef26a86a7
Q2\results\q2_deep_search\raw\R03.json,783,bb15a579f1ba7b61da3150b3604d723a2b33e30a2934b905db9b7183c0011873
Q2\results\q2_deep_search\raw\R03.npz,814688,7ac1fc8ca4ce9ebc0fdcc03956738861200e79519402fb6516607cff794cb2e4
Q2\results\q2_deep_search\raw\R04.json,788,3fda285361949075b9df89a63a16ca2f2ddca7e3aae68ef835583530806c427c
Q2\results\q2_deep_search\raw\R04.npz,800397,008b3e66bfeffec466c23d7003231d60e621d38db9411f6d7e32cf97d01ab351
Q2\results\q2_deep_search\raw\R05.json,786,5af4e9da3ab1c767f68bc2833a13f94cb7b34811ee2ee0bc58382398b7fb3d99
Q2\results\q2_deep_search\raw\R05.npz,825890,d91bc77ac42d363b787b93e63c4c2ba0b0f3830250eea23599e4bf45f7940a29
Q2\results\q2_deep_search\raw\R06.json,789,b24315789cc498f0602e95d3e87245ef7b35609ffe297a1211a999c3f9a190ff
Q2\results\q2_deep_search\raw\R06.npz,826330,a1a5b33f05b3e310f5fd1f2816e449d49f6aee3966335167c7ddd533a900b1be
Q2\results\q2_deep_search\raw\R07.json,791,3d5f9e71ce632b710354d8ab120b76a3177ab31c3f4a3fdfc9bfb3430b322f8b
Q2\results\q2_deep_search\raw\R07.npz,812651,c9f7066c5151e57d387f5331ce0db87848401427bc2d1b90c3d0c2c9c1569260
Q2\results\q2_deep_search\raw\R08.json,793,17a7b131e6381fcde3bbd8ad0e73fb52ff9e3631f72effa6cc726b1614767e87
Q2\results\q2_deep_search\raw\R08.npz,844864,32246c115e3565dabf3495a4f5b2a2c7d35155dc7d83e513cde959e3a279c894
Q2\results\q2_deep_search\raw\R09.json,789,824dcaf9d0e4637ca5c17d1026e6d02d6a621f8409aaf6471a8b65107c5930c0
Q2\results\q2_deep_search\raw\R09.npz,817048,dfabb3965644e18aca3ba3b4b9de8142c0264971ec11cd95d450befa26ca76ed
Q2\results\q2_deep_search\raw\R10.json,787,dbf58c99ca42fbffa1be85b8727aa64b260ba3617f0dfce64fef5c7dbf573388
Q2\results\q2_deep_search\raw\R10.npz,795130,4d7df002d82fb129e03846283bed9fcb42738c2d29eb8569ccc3b7cd156945a3
Q2\results\q2_deep_search\raw\S_DAYTYPE.json,1008,a8ad6852a571428ce47cca09dd5b17c8188fc915110a3a6081902533cb43394d
Q2\results\q2_deep_search\raw\S_DAYTYPE.npz,864050,364686b8e523955d56436ea0eccde933318bd6385cd7fc6454da29d599dd8e41
Q2\results\q2_deep_search\raw\S_DAYTYPE_V2.json,1009,825eed0b909daf305ba43c93412f873cbf596783c695ca4feb4a3e8d75b2e92d
Q2\results\q2_deep_search\raw\S_DAYTYPE_V2.npz,864050,364686b8e523955d56436ea0eccde933318bd6385cd7fc6454da29d599dd8e41
Q2\results\q2_deep_search\raw\S_MEDOID.json,1009,36c18097696ab2a3c1cf19f7eaf5fb461aaa0225822397bf7bea27eb6c711a7d
Q2\results\q2_deep_search\raw\S_MEDOID.npz,858653,3b8038a7f77b6607964eae6eef4b694636902287082c7d0bb38fa8429943c035
Q2\results\q2_deep_search\raw\S_MEDOID_V2.json,1009,bcc138d06632f79f7290115fa7b8bdb21a1f683dfe6f6b67fff7181b554a226d
Q2\results\q2_deep_search\raw\S_MEDOID_V2.npz,858119,9938f189e8b244230ec594a3953fe22cf826ad0f5cae90a2d53608bfbfdc30c4
Q2\results\q2_deep_search\raw\S_REC_002.json,1009,f1f5acb330a6dca0456efbafcc44d3da982dca8f80bebfd97ca1af6d5f8b94d2
Q2\results\q2_deep_search\raw\S_REC_002.npz,866822,77ecdb01ec50d9f3cfb90764c67e7da87d7a92b38d2c3bd44aa5cff6f694be52
Q2\results\q2_deep_search\raw\S_REC_002_V2.json,1007,44af0b3f6b5697dbd17de0e4066fd4781835d04e0b4db72753e73fbac079c6d7
Q2\results\q2_deep_search\raw\S_REC_002_V2.npz,865724,4bcaabc054cb3683ffe25854fde6fec811547d07d7b644e49408cfe43adc7747
Q2\results\q2_deep_search\raw\S_REC_005.json,1008,3df27d5cac04c3e248d8c45192569e4929b372525d69a36fbb150e84991b5366
Q2\results\q2_deep_search\raw\S_REC_005.npz,867716,4c722cde2c7543e73c924de9b2e52f2d0a07dafbfaf066ce5a084e6b5401c5de
Q2\results\q2_deep_search\raw\S_REC_005_V2.json,1009,8e61afde783fc34c9e94979719c5b1cbf22fee1a75f8ae251c62b3ad32bc164a
Q2\results\q2_deep_search\raw\S_REC_005_V2.npz,866506,ea642c6bbba1e79fa5b3c66cace9d82ab1dea2e6d246eedc39a5744b4bd5b306
Q2\results\q2_deep_search\raw\S_TREE.json,1007,f4709ab251e181e55941980d54e98209a79fdbf754cc3ff4450beb9e25b70203
Q2\results\q2_deep_search\raw\S_TREE.npz,864050,364686b8e523955d56436ea0eccde933318bd6385cd7fc6454da29d599dd8e41
Q2\results\q2_deep_search\raw\S_TREE_V2.json,1008,696179d7e136f0eca6464cb91f5d1a4dfe0b2d7863d49806ae3f4d81eccf075b
Q2\results\q2_deep_search\raw\S_TREE_V2.npz,864050,364686b8e523955d56436ea0eccde933318bd6385cd7fc6454da29d599dd8e41
Q2\results\q2_deep_search\raw\T10.json,816,4ea3897656ade44c6dac90930c610ded532e053f1b642e0e4f50db8c67cff79b
Q2\results\q2_deep_search\raw\T10.npz,829372,f3a2de07ad22b368e9043dfb835290ff5e97e5dac0f9cf9fd5a95c43f5eae990
Q2\results\q2_deep_search\raw\T30.json,809,20675d5907b709c404b4946f12d786ca7bd7ed1b5dabedebc05517704d5b68c6
Q2\results\q2_deep_search\raw\T30.npz,829371,a39ca823c30a1b8ef1ed3a7e986904eca968ed7051d0bf617d5347b58a2dd006
Q2\results\q2_deep_search\raw\T40.json,806,2922911eac7a47cc7b0737b4c78181784ed0a0ff656e7b8d48bcb4f31863f046
Q2\results\q2_deep_search\raw\T40.npz,829378,83bd4a5d05fd2ee427e60257107cc8051930e8697d73bc6ee67e59b236d90f9a
Q2\results\q2_deep_search\result2_Q2深搜冻结候选.xlsx,424235,4003ba3739fa4857a2b00d780cba21428f136295c62947d62b2ac95d896bdbec
Q2\results\q2_deep_search\result2_Q2深搜冻结候选.xlsx.inspect.ndjson,25239751,bb76e4fc6837b42321430f5deed1367ed4c7b6a7b25dd06650a915cc291e8aab
Q2\results\q2_deep_search\S2_COMPONENT_DECOMPOSITION.csv,462,c4f10d9c57c70693bb8cf0b1ce6285626c9b678a9e05a446e58a973ccb401678
Q2\results\q2_deep_search\S4_COMPONENT_DECOMPOSITION.csv,481,97954acb30423b3c062f7fa0e154288ec892999292400d3cc40a8b08b69fec5f
Q2\results\q2_deep_search\top5_championship\TOP1_CVAR95S.npz,864006,acfd1605d8a5e5be04f28580aa935e42e0c6585dd491e0d71aaf550b2ee416d7
Q2\results\q2_deep_search\top5_championship\TOP1_CVAR95S_daily.csv,59666,c1ae2d7d1f70e81d598fe2d1996ba8b1f4c7b2a302d56a85ca1e7e5e9e8c610a
Q2\results\q2_deep_search\top5_championship\TOP2_CVAR90S.npz,864112,0751d8ada4ce5752f44819ae584c838e3351bf166e288fca51628d7243b8009c
Q2\results\q2_deep_search\top5_championship\TOP2_CVAR90S_daily.csv,59666,bdb7f90d86bc0aa66a1cf9eebb401acc78a2c8f21f9b1448191bee9c9eddf2ed
Q2\results\q2_deep_search\top5_championship\TOP3_CVAR90M.npz,858327,3bba8c70de556091eacfb238e4eeea2f74657ce360d6ce3e9fbf03327040708d
Q2\results\q2_deep_search\top5_championship\TOP3_CVAR90M_daily.csv,59263,0ad83914325049afbb4cc28191f794c8f505e977e89d407b408cb9905ff60b98
Q2\results\q2_deep_search\top5_championship\TOP4_CAL_CVAR.npz,862745,00b5a866decb3439375fa3c9d3700a707551331201a48bd1aea213265892d9a7
Q2\results\q2_deep_search\top5_championship\TOP4_CAL_CVAR_daily.csv,59833,28b79853907e2ae730a02eb30f191f4bd8063dda9e85566f15bdc0e7930273af
Q2\results\q2_deep_search\top5_championship\TOP5_SIMPLE.npz,795130,4d7df002d82fb129e03846283bed9fcb42738c2d29eb8569ccc3b7cd156945a3
Q2\results\q2_deep_search\top5_championship\TOP5_SIMPLE_daily.csv,53977,be22f2f29babb4b2a59e2fe3bfdcca168cee63551e69309b0d27838654c347f4
Q2\results\q2_deep_search\TOP5_FINAL_COMPARISON.csv,1349,fbbd4b4be6f8d528e47716b04aa82cfd35178dd2c84f2557afb327383ababaaa
Q2\results\q2_deep_search\workbook_payload.json,591596,755d33e02393342ea79dff75099be9d020cc14bb2894d4e2f28628848dc386b8
Q2\results\q2_deep_search\workbook_previews\充放电量.png,74938,8020c93b058dbf9bd45c803c23274bda345dde8d338cc02be7b2c8434b69470e
Q2\results\q2_deep_search\workbook_previews\紧急购电量.png,101407,8a04af8fa747c92d77a307cb29dd7ce19aae7aa25bc5051394f331648108e14f
Q2\results\q2_deep_search\workbook_previews\计划购电量.png,146034,79ef07ef2644dcb759901d360561e828d1502055b50c3a0f7edbb0772b980b71
Q2\results\q2_deep_search\workbook_verification.json,1245,3b805712030fb11b57a4d9dc220b1453b76d9d5ee6d1e0e8849fdc33fdc59e34
Q2\results\q2_final_validation_v3\00_source_snapshot\code_hashes.csv,2456,6f931c7d6aaa98eda5365cc0fae49076924109b2f5404764854a9458c6c127d0
Q2\results\q2_final_validation_v3\00_source_snapshot\code_version.txt,126,3135f8c09ba835d3a940c9e040018718232fadcc5a8968b9ad0aa7deb6e91fa1
Q2\results\q2_final_validation_v3\00_source_snapshot\config_hashes.csv,1274,2155fdf829200f881c2cb8be40f6b11b231e5ef04f90ee4a4ef5355f43ee28cf
Q2\results\q2_final_validation_v3\00_source_snapshot\data_hashes.csv,297,def73da1718d48c35c01bf293b71a1b5915910fedda3f5d3b8e6dbb772c7dbf9
Q2\results\q2_final_validation_v3\01_cost_audit\independent_cost_audit.csv,965,34867c2edab5c4cbb9479a70e6a7f009ffc09d146eee488779ff2c65a255b7a1
Q2\results\q2_final_validation_v3\01_cost_audit\online_independent_cost_audit.csv,320,1a9849cf080a2ca6c41ba883ff6d679d327dd7de680f7150a022c540f640b570
Q2\results\q2_final_validation_v3\01_cost_audit\raw_models\CAL-CVaR\daily_results.csv,53129,d0705bb8aee299f509a2371fc125fe5da1ec0ddfba02af894b1197188d3b05bf
Q2\results\q2_final_validation_v3\01_cost_audit\raw_models\CAL-CVaR\interval_results.csv,7888036,ce8eabbb836b5ea4405c12c17ac50f33a90c0fdb8cc99ef841fb064fcb2670e5
Q2\results\q2_final_validation_v3\01_cost_audit\raw_models\CAL-CVaR\scenario_metadata.csv,231562,cc9131007b6e8e176fcd06f6ad5dd787f654b085823d43b93ee151a92f539297
Q2\results\q2_final_validation_v3\01_cost_audit\raw_models\CVaR-tau-0.95-rho-0.05\daily_results.csv,52925,c988aaa083b99f71ff0972cf7baacaf8437733a5ca80b79952a457687c40ec90
Q2\results\q2_final_validation_v3\01_cost_audit\raw_models\CVaR-tau-0.95-rho-0.05\interval_results.csv,7892259,f295a26fcf86b81ce077669396a95629fe55151fc4da616af17c1533d8b23f73
Q2\results\q2_final_validation_v3\01_cost_audit\raw_models\CVaR-tau-0.95-rho-0.05\scenario_metadata.csv,329677,ab37d3afc9fd6e27af3cf538e31351cb8ea418a3461cdfda18edf2a2866c8d47
Q2\results\q2_final_validation_v3\01_cost_audit\raw_models\M1\daily_results.csv,47802,22b8590b60ab6bc328c46936a1daecc01296d1832ed5d52f465a26df98916f7d
Q2\results\q2_final_validation_v3\01_cost_audit\raw_models\M1\interval_results.csv,7761831,83a3086d6908ab6d03825e3d9ba2b6a7593d460a2249c6e8db56cd48e325aedd
Q2\results\q2_final_validation_v3\01_cost_audit\raw_models\M1\scenario_metadata.csv,173,54bbc4fd7256819c657c6ab73ed2743f711b5e47c00f824299759ee1a1ad4233
Q2\results\q2_final_validation_v3\01_cost_audit\raw_models\M2-TV\daily_results.csv,53205,03d479c82118daa75bd06e06f27db24c6475c245df2de16746daf7a1984ed9fa
Q2\results\q2_final_validation_v3\01_cost_audit\raw_models\M2-TV\interval_results.csv,7869544,945e1ca5ed97cd7b2269ad546c3f8750d183036e5f00fd573f0c5a052ce9f6ce
Q2\results\q2_final_validation_v3\01_cost_audit\raw_models\M2-TV\scenario_metadata.csv,731837,0d892b9ab0264c04194b0c9327a7366f45b63cdbc25e4429b374df30d04af8f3
Q2\results\q2_final_validation_v3\01_cost_audit\raw_models\Recency-gamma-0.05\daily_results.csv,53767,59eb4be8c759f98c58c6385a0accb0a79b0c6dec648497357b71a9b8aa1e198e
Q2\results\q2_final_validation_v3\01_cost_audit\raw_models\Recency-gamma-0.05\interval_results.csv,7897897,662245f8dc7c01464d8a362f06b381da152260deb47559b22680b02c80486c14
Q2\results\q2_final_validation_v3\01_cost_audit\raw_models\Recency-gamma-0.05\scenario_metadata.csv,336058,6ecc93d56c2df6f9e005490b4ff469f2a40ac5ab584da8b166e52b35be2c5033
Q2\results\q2_final_validation_v3\02_information_audit\detailed_leakage_audit.json,2382,0bb2cb82bbbab24f7dc73e3e874a4f608c9d10bbd47f5c1fbb29811782444923
Q2\results\q2_final_validation_v3\02_information_audit\mapping_B_runs\CAL-CVaR.npz,863126,f05e3aa9d02e7835d44fe7ec7d18599b578cc906a60646d46a08f53681476bec
Q2\results\q2_final_validation_v3\02_information_audit\mapping_B_runs\CAL-CVaR_summary.json,1007,0a66cf5e0975c32996889c456824bdd6583e0eb64ac804914f7f7ed802223dab
Q2\results\q2_final_validation_v3\02_information_audit\mapping_B_runs\M1.npz,830638,49f56c1607bcd8fd8da3286dcf90e46306074cb997d1f3a54fef356ec1c0cf69
Q2\results\q2_final_validation_v3\02_information_audit\mapping_B_runs\M1_summary.json,802,c440d1d915c0fa3585a0576635d2079061de2131ee93764a09958e7fee58db39
Q2\results\q2_final_validation_v3\02_information_audit\mapping_B_runs\M2-TV.npz,859350,f3366e8fcb2216b11d4fe3fb0b14f7dc6478fce7784eab45e13cbd4da8db87d5
Q2\results\q2_final_validation_v3\02_information_audit\mapping_B_runs\M2-TV_summary.json,1002,c9260d149600a2e0fac6345974cd5d47642b39d5069aaee762f606d8e62210c2
Q2\results\q2_final_validation_v3\02_information_audit\mapping_B_runs\Recency-gamma-0.05.npz,866939,0f8c73e0266a745042cb090e0886782515516a0d7ab3f7c8e080c6eea5a16ee6
Q2\results\q2_final_validation_v3\02_information_audit\mapping_B_runs\Recency-gamma-0.05_summary.json,1007,98738efc21e6c78070b1f2ec9c3fe439fea79446c01348f488edecd2f2458e59
Q2\results\q2_final_validation_v3\02_information_audit\Q2_AUDIT_EVIDENCE.csv,816,8320276a2ef04464b9577bc81078d4880504af9634c619306ccd1af9eb75445f
Q2\results\q2_final_validation_v3\02_information_audit\q2_time_alignment_audit.csv,12205,544786c82dca02abfbd71f0a9deb650fd7f10255327ae64bd9bfedb025d7038e
Q2\results\q2_final_validation_v3\02_information_audit\time_mapping_dual_run.csv,863,1f2be5b4bcfce5b54255210f7e468faf031a46d1e1f51bff974db3f3501b4d91
Q2\results\q2_final_validation_v3\03_physical_audit\detailed_physical_audit.json,3963,0260e329bb05ec2f2f0fe175ce57b2efba5b66b6a8507900c6074d167cdb1775
Q2\results\q2_final_validation_v3\03_physical_audit\Q2_AUDIT_EVIDENCE.csv,1514,3bfe915de0fbc1f21eb8c35772a3e3d2bb64fa305ce1a9a564b24648d816154a
Q2\results\q2_final_validation_v3\04_terminal\CAL-CVaR_dec31_plan_target.npz,4291,cc4e65b49e957fec26bfbfa95fefda277cce05c1c6be5c0e37c3c5afad617baf
Q2\results\q2_final_validation_v3\04_terminal\CVaR-tau-0.95-rho-0.05_dec31_plan_target.npz,4262,02a184893cb395a6d66bec47981c7a8c43221b3198f0537c3f1d744cd1309b64
Q2\results\q2_final_validation_v3\04_terminal\M1_dec31_plan_target.npz,4343,7c4e1c82cfdc255d8830b59127ea07af1c7b14f8522abb3b1073f7b77d77440c
Q2\results\q2_final_validation_v3\04_terminal\M2-TV_dec31_plan_target.npz,4380,e679b4d29b5ea461ee80dcb127ca25d2a6e97b1dd87dfb6c1eb8a8702e2d8f2d
Q2\results\q2_final_validation_v3\04_terminal\Recency-gamma-0.05_dec31_plan_target.npz,4312,923a2ee70245a4b08d5d359eac1bf53c563db409c1a53f99a4043115c69b29f1
Q2\results\q2_final_validation_v3\04_terminal\terminal_fairness_v2.csv,1746,eb438bbdb4e2ea751eaae39bc83476e90bf111522a55e8ec68e477ced8b95f96
Q2\results\q2_final_validation_v3\04_terminal\terminal_fairness_v2.json,3467,6ed8ee5c6fa9539e779a1b0c44e67b7c0b02b9746dfb0e7f4adec3e11d52fa6b
Q2\results\q2_final_validation_v3\05_cvar_stability\cvar_unit_test.json,1919,681ed53d13a14f39af34826e65a3ab5688615dd120fc8cd2ee515db54c835435
Q2\results\q2_final_validation_v3\05_cvar_stability\exploratory_cvar95_stability.csv,2205,7c9a1da59da7df1664a812daeca5fd0b12c8f862ef3b116fc8d31f8fdbc543c6
Q2\results\q2_final_validation_v3\05_cvar_stability\formal_cvar_scenario_stability.csv,2026,1097f6269eee11dbd8ecc6d9648c9df8045987ecbd36d3b3efd6cb169a1e6e50
Q2\results\q2_final_validation_v3\05_cvar_stability\runs\exploratory_tau95_rho005_gamma002_S100.npz,859663,27a003977f77006b683365295ae46206e74ef9235122b9d1b77ed6b9edc16a02
Q2\results\q2_final_validation_v3\05_cvar_stability\runs\exploratory_tau95_rho005_gamma002_S100_summary.json,1051,efc6199cc46c1209882291200a143dbc590efd3d4cb82e88dedc5fa453a9a59f
Q2\results\q2_final_validation_v3\05_cvar_stability\runs\exploratory_tau95_rho005_gamma002_S20.npz,861915,e02c7c042355c9adadf4389a0f4b642639e3ddcdd0be5920c6ad55009b4d8a2f
Q2\results\q2_final_validation_v3\05_cvar_stability\runs\exploratory_tau95_rho005_gamma002_S20_summary.json,1051,55a2a4eca59f523e90caa98b80d92e3247a4ed4d5ca9c3b8d4b28e3a6d81f1f0
Q2\results\q2_final_validation_v3\05_cvar_stability\runs\exploratory_tau95_rho005_gamma002_S50.npz,859695,96774b3f8b65ef837e6a5d0f70cfaf6260c22f79c8c2e0b8ae0fa0c01846e18c
Q2\results\q2_final_validation_v3\05_cvar_stability\runs\exploratory_tau95_rho005_gamma002_S50_summary.json,1044,e38eab7efce50ac2c54c7b516dc386b027021cc28c0d7b1ca4c2784cf9aebabc
Q2\results\q2_final_validation_v3\05_cvar_stability\runs\formal_tau90_rho005_gamma0_S100.npz,860566,a400abf397b469131068acefd4d732b042c77cd2d5012098df56b503dc70bc9c
Q2\results\q2_final_validation_v3\05_cvar_stability\runs\formal_tau90_rho005_gamma0_S100_summary.json,1043,a3d1c2caa3259cd813553531762310b6e2579055f8d0d90f6fe34c35463879bb
Q2\results\q2_final_validation_v3\05_cvar_stability\runs\formal_tau90_rho005_gamma0_S20.npz,861412,4184f03a7b3c3f4aae574b4c8afeb36cabd1c468103f49049032f72c9f26d23e
Q2\results\q2_final_validation_v3\05_cvar_stability\runs\formal_tau90_rho005_gamma0_S20_summary.json,1051,7420f561f543140d071a0fe2c70db6160f1481e9465dfa5df217df4d188bdbd3
Q2\results\q2_final_validation_v3\05_cvar_stability\runs\formal_tau90_rho005_gamma0_S30.npz,860408,a52e5a1df21f73afb80d8353ce53739df0e12f4e4dd689d0f20410701fdfff5e
Q2\results\q2_final_validation_v3\05_cvar_stability\runs\formal_tau90_rho005_gamma0_S30_summary.json,1041,54234ce9247ef692d83f226141f484e3c6158a59038a3a30487aa0b5fcd65f56
Q2\results\q2_final_validation_v3\05_cvar_stability\runs\formal_tau90_rho005_gamma0_S50.npz,859845,a2aadbfbec4ed2a8ea83f3c4b02e13646dff860e034d09a37306f7b531cc3a88
Q2\results\q2_final_validation_v3\05_cvar_stability\runs\formal_tau90_rho005_gamma0_S50_summary.json,1052,051e7440902db3e0188edc01362fcc70b227abc4c6d786aef0b0d58612fecc07
Q2\results\q2_final_validation_v3\06_recency\recency_gamma_sensitivity.csv,2628,0af6c9ad7f54d6ae41e3cf098e75ad07e43f416f62bb5face5e9b11fad8d3481
Q2\results\q2_final_validation_v3\06_recency\recency_weight_audit.csv,336058,6ecc93d56c2df6f9e005490b4ff469f2a40ac5ab584da8b166e52b35be2c5033
Q2\results\q2_final_validation_v3\06_recency\recency_weight_summary.json,494,8045db2f0a74501ee3043a54d9da3d5140111879f9d179601cdd305d96efd956
Q2\results\q2_final_validation_v3\06_recency\runs\gamma_0p0.json,1001,fc251d39d5591a65ff428abfdb12edc5f76e791a0bbcd89cdf4fc42e943aa5fc
Q2\results\q2_final_validation_v3\06_recency\runs\gamma_0p0.npz,865443,d9dc35d7c356642a0f85cd185ccce210733752c35f4e1c646341c4bf9e59aaf5
Q2\results\q2_final_validation_v3\06_recency\runs\gamma_0p01.json,1010,15f52265d89442c2b0cc9d6e915e0a7e2db132f24c4534544301d4a6dc367000
Q2\results\q2_final_validation_v3\06_recency\runs\gamma_0p01.npz,864927,25fa27ccc537ee55c489c12654099cd92007a571860c927f11e5a06000d919b2
Q2\results\q2_final_validation_v3\06_recency\runs\gamma_0p03.json,1007,dd9b4b509bd57a431a7d13dd698bff6280025567e9b1118bcb96061cee8a3590
Q2\results\q2_final_validation_v3\06_recency\runs\gamma_0p03.npz,866474,a10be156ddfaa3d41bd5de472a90c793b70e413d8604cf861b3c03d52de121fa
Q2\results\q2_final_validation_v3\06_recency\runs\gamma_0p04.json,1009,df0429415b99cc5a34f23df97e838625bb9d87d582b5c07bcac4d1ff19db59df
Q2\results\q2_final_validation_v3\06_recency\runs\gamma_0p04.npz,866722,20554f92222bd6a99c00ed69c4548d76902666b5eb8cb87909eee98aeae77b94
Q2\results\q2_final_validation_v3\06_recency\runs\gamma_0p07.json,1006,d4dc84d377272d1d4c466ef7e6f083ee4779a8f92a363f73a294d6dc9a8e2ccc
Q2\results\q2_final_validation_v3\06_recency\runs\gamma_0p07.npz,866760,3c4266ef72694a9ca9e1c3e9dc8c84c3bb10fadb8b91fe5943283693038eb8be
Q2\results\q2_final_validation_v3\06_recency\runs\gamma_0p1.json,1010,c57072812375bc26067e2852a2980f174d780b95091d258a04dac1b557f350bc
Q2\results\q2_final_validation_v3\06_recency\runs\gamma_0p1.npz,867583,78d18fa7c23548e0ac2af65ac207412826482db101dd970a60807fa61380b088
Q2\results\q2_final_validation_v3\07_online_selector\config.json,2372,da77479b0514ef8fbe33fb7a015c1b68818775b1505805a94b91347b17db5e6f
Q2\results\q2_final_validation_v3\07_online_selector\config_SMOKE_DAY31.json,2342,cb7b734b15dbdb185bd85e48997aca3004dfcaf8c0c076ef95860dfbcbbcae9b
Q2\results\q2_final_validation_v3\07_online_selector\config_SMOKE_PARALLEL.json,2368,dd925765eab62ce9849507f732dbfb0efabcdc8fe33d8c3a071dcc11218b1143
Q2\results\q2_final_validation_v3\07_online_selector\online_parameter_path.csv,280777,4e5a935b17ec3711cdb53b4c90a1a0799d78266d23269aa69b2d3fb83b384568
Q2\results\q2_final_validation_v3\07_online_selector\online_parameter_path_SMOKE_DAY31.csv,843,ec1b5a47cb520728ce7c56f1dae3163d88bacecaaf1e680ccf573ac21dd0250f
Q2\results\q2_final_validation_v3\07_online_selector\online_parameter_path_SMOKE_PARALLEL.csv,843,ec1b5a47cb520728ce7c56f1dae3163d88bacecaaf1e680ccf573ac21dd0250f
Q2\results\q2_final_validation_v3\07_online_selector\online_selector_results.csv,650,81fab7a7a57db803efe37ccc68b6957efd019f1ae73df90457af6d791dd628fc
Q2\results\q2_final_validation_v3\07_online_selector\online_selector_results_SMOKE_DAY31.csv,625,887b9c8c20fca0b7fc5e1f7191f95f96ae5fb1bf2e1159879c3cd3d2e656ad6f
Q2\results\q2_final_validation_v3\07_online_selector\online_selector_results_SMOKE_PARALLEL.csv,625,6cae1dfc2e8816361c05f8ffa37f64aac0a4a1c1f6ec2ded74fcb48db181e400
Q2\results\q2_final_validation_v3\07_online_selector\runs\ONLINE_RISK_SP.npz,865331,56f3cfa663d2851f90ef9b7e20972542488aa81584684ae7d71c7f0c0f039fea
Q2\results\q2_final_validation_v3\07_online_selector\runs\ONLINE_RISK_SP_interval.csv,7357481,dad8c331c12852a718f1853a42b854e36d4fa03d1601fc98dbecf2f95f4d62aa
Q2\results\q2_final_validation_v3\07_online_selector\runs\ONLINE_RISK_SP_summary.json,804,b80f2a542852cc1c5c9e16a4c479e082725a07f1877ee700253a237cff53a02b
Q2\results\q2_final_validation_v3\07_online_selector\runs\SMOKE_DAY31.npz,7178,ada8a7f525d9edc5ca6b1556e1029a48f8f492a8a27dbcfe5e87f6960b5b9562
Q2\results\q2_final_validation_v3\07_online_selector\runs\SMOKE_DAY31_summary.json,779,0e19fe065831e8d197678b441030cdd8573acd96d8498128d8b468ce79ae4517
Q2\results\q2_final_validation_v3\07_online_selector\runs\SMOKE_PARALLEL.npz,7178,ada8a7f525d9edc5ca6b1556e1029a48f8f492a8a27dbcfe5e87f6960b5b9562
Q2\results\q2_final_validation_v3\07_online_selector\runs\SMOKE_PARALLEL_interval.csv,21465,403d9354c9a826a8d40e88dac99ebda1d35fc217c4f120cc1388b4a79202f14f
Q2\results\q2_final_validation_v3\07_online_selector\runs\SMOKE_PARALLEL_summary.json,779,913509c4cc13832403bd1a4bd04db0743d2cf0a54d1459f5f7b1e79b2ef0c0e9
Q2\results\q2_final_validation_v3\07_online_selector\solve_diagnostics.csv,9022,5f2a54450a7171767c5298a84b9ae64fd03b2652bf6163becac896ef57d1e774
Q2\results\q2_final_validation_v3\07_online_selector\solve_diagnostics_SMOKE_DAY31.csv,87,b4d47320afabb0f0c9eea660d3ada08066d70661514df1e8d690fbd6bdb2a7f0
Q2\results\q2_final_validation_v3\07_online_selector\solve_diagnostics_SMOKE_PARALLEL.csv,88,419e4ae44718d2830a128d525916f4d180f75a60e930a933aec373c6acf773a2
Q2\results\q2_final_validation_v3\08_calibration\calibration_leave_block_out_raw.csv,43084,b62004550aed20eafa44ad3e21d56f4b08aa115c6c863da5613c4639a6a8ccb3
Q2\results\q2_final_validation_v3\08_calibration\calibration_model_selection.csv,3052,c7fd20ed36f921a513dfe9999696513e2390f0a4ecb4975d2efd2e3c3a7f0776
Q2\results\q2_final_validation_v3\08_calibration\calibration_stability.csv,1342,30ec3c1df9f771247ccffddb76783c3e69071345895621860121baa059dab07c
Q2\results\q2_final_validation_v3\08_calibration\runs\g0p00_t0p00_r0p00.json,1001,9c9a142be597d027326da83764304b73c2ea203049ac0ddc6babf7d2531a3cba
Q2\results\q2_final_validation_v3\08_calibration\runs\g0p00_t0p00_r0p00.npz,54376,5cc798f159ae774a8f1f448cba98aae5bd9605aeba7b83670e50a191feac7e64
Q2\results\q2_final_validation_v3\08_calibration\runs\g0p00_t0p00_r0p00_daily.csv,3251,61657d46f74e47c162c0102b3509173d42d484d97370be5a1631fd5568ed8a13
Q2\results\q2_final_validation_v3\08_calibration\runs\g0p00_t0p90_r0p05.json,984,0f04696534a05b1832d89daba52e92f75e1c95e931bc9bf3b7b2ac8753ee4e69
Q2\results\q2_final_validation_v3\08_calibration\runs\g0p00_t0p90_r0p05.npz,54424,6bb7e8100e053a551358378fdd3ed71b9218966f64ee5ce9214cba2f242fbc77
Q2\results\q2_final_validation_v3\08_calibration\runs\g0p00_t0p90_r0p05_daily.csv,3243,cabfd672244e4c2de3b345b38bae2af2e98128159e02f7a92ae8957b342f718c
Q2\results\q2_final_validation_v3\08_calibration\runs\g0p00_t0p90_r0p20.json,983,35a95c7765141bbe84e4b20a889c39530822ee0a6475131a5a581c1f189ce16a
Q2\results\q2_final_validation_v3\08_calibration\runs\g0p00_t0p90_r0p20.npz,54487,9ce7cb143eeb9bb0bfead8f6326ae166b972eb31e238c0727337d6e2ed911229
Q2\results\q2_final_validation_v3\08_calibration\runs\g0p00_t0p90_r0p20_daily.csv,3243,e2ac2b3524829b73dc83b186890911d4f2b5ba382784254b10dcc5d5a1ae777d
Q2\results\q2_final_validation_v3\08_calibration\runs\g0p00_t0p95_r0p05.json,984,c12c263ab9ba89750251fb11f02ad7b5a594fbc6c2cc67179b9b26b3e9dd2a5c
Q2\results\q2_final_validation_v3\08_calibration\runs\g0p00_t0p95_r0p05.npz,54424,6bb7e8100e053a551358378fdd3ed71b9218966f64ee5ce9214cba2f242fbc77
Q2\results\q2_final_validation_v3\08_calibration\runs\g0p00_t0p95_r0p05_daily.csv,3243,cabfd672244e4c2de3b345b38bae2af2e98128159e02f7a92ae8957b342f718c
Q2\results\q2_final_validation_v3\08_calibration\runs\g0p00_t0p95_r0p20.json,983,d39c597de5846960467aab32498d8530cf06a76c1aa07f4e6215dd20f2854dec
Q2\results\q2_final_validation_v3\08_calibration\runs\g0p00_t0p95_r0p20.npz,54487,9ce7cb143eeb9bb0bfead8f6326ae166b972eb31e238c0727337d6e2ed911229
Q2\results\q2_final_validation_v3\08_calibration\runs\g0p00_t0p95_r0p20_daily.csv,3243,e2ac2b3524829b73dc83b186890911d4f2b5ba382784254b10dcc5d5a1ae777d
Q2\results\q2_final_validation_v3\08_calibration\runs\g0p02_t0p00_r0p00.json,1001,8a21be642b2055657be68f094e053454d25ab8e078735f852731084ff8b3ae34
Q2\results\q2_final_validation_v3\08_calibration\runs\g0p02_t0p00_r0p00.npz,54425,30c398fd35d9353ab1748bcfedbb93f55b7109382e3dab156af0c9ef302d8337
Q2\results\q2_final_validation_v3\08_calibration\runs\g0p02_t0p00_r0p00_daily.csv,3235,09aec6ec4bed27a2c98d0122cca8898bb221aa176679b77b25cbfcb14ba7d9d3
Q2\results\q2_final_validation_v3\08_calibration\runs\g0p02_t0p90_r0p05.json,985,c01fba08be5b3da0185f677fbf548eb8834c7148f5d5900f0316d590bdca2572
Q2\results\q2_final_validation_v3\08_calibration\runs\g0p02_t0p90_r0p05.npz,54492,d4a13eb01142ac333b0d4d2b4ae8829f048dbcfadf576eb77b2fdd5121fcfccc
Q2\results\q2_final_validation_v3\08_calibration\runs\g0p02_t0p90_r0p05_daily.csv,3239,6fca1038aff0f214c626a7f1746e087cb38204e21f922afaaa40d29f94994d23
Q2\results\q2_final_validation_v3\08_calibration\runs\g0p02_t0p90_r0p20.json,982,8e5748e71b0dfc8c0b976fe510949d30b6c7a52d256d2b7d381fefdeeebb4891
Q2\results\q2_final_validation_v3\08_calibration\runs\g0p02_t0p90_r0p20.npz,54487,2fbcc1b7a6bd608ae5e3ce866fd0ef5144678803ca039383d302b1d1b473c90d
Q2\results\q2_final_validation_v3\08_calibration\runs\g0p02_t0p90_r0p20_daily.csv,3238,1cfb9faa07e4897ad38c7f362c1b9029dff07d6ee2d2bdc796d9a9f316361836
Q2\results\q2_final_validation_v3\08_calibration\runs\g0p02_t0p95_r0p05.json,984,6e4fb602466da5a1860e206f51dbe70c881593092f8de51a6a9bb6c5956fe8d6
Q2\results\q2_final_validation_v3\08_calibration\runs\g0p02_t0p95_r0p05.npz,54492,d4a13eb01142ac333b0d4d2b4ae8829f048dbcfadf576eb77b2fdd5121fcfccc
Q2\results\q2_final_validation_v3\08_calibration\runs\g0p02_t0p95_r0p05_daily.csv,3239,6fca1038aff0f214c626a7f1746e087cb38204e21f922afaaa40d29f94994d23
Q2\results\q2_final_validation_v3\08_calibration\runs\g0p02_t0p95_r0p20.json,983,1a0fc56ba020f0d53176c5000086ef38cfbb57ac723aef740dd6ce1ece9de5ed
Q2\results\q2_final_validation_v3\08_calibration\runs\g0p02_t0p95_r0p20.npz,54487,2fbcc1b7a6bd608ae5e3ce866fd0ef5144678803ca039383d302b1d1b473c90d
Q2\results\q2_final_validation_v3\08_calibration\runs\g0p02_t0p95_r0p20_daily.csv,3238,1cfb9faa07e4897ad38c7f362c1b9029dff07d6ee2d2bdc796d9a9f316361836
Q2\results\q2_final_validation_v3\08_calibration\runs\g0p05_t0p00_r0p00.json,1001,fcd3cc5314ce7492381b9de93c616f412020dfc5b811bceb23649b68411d68ec
Q2\results\q2_final_validation_v3\08_calibration\runs\g0p05_t0p00_r0p00.npz,54394,98ad532a06c6f1e99749321d41a125870fd9bce96614b968d81f3ee6e4292a24
Q2\results\q2_final_validation_v3\08_calibration\runs\g0p05_t0p00_r0p00_daily.csv,3252,44ed871695767978e9337acb881878ce0c074e93750b69f54b234127adc51856
Q2\results\q2_final_validation_v3\08_calibration\runs\g0p05_t0p90_r0p05.json,984,51f17fa15131d37868afa91519fe01a05063257c2cac72ddcbff22d8e95f5aea
Q2\results\q2_final_validation_v3\08_calibration\runs\g0p05_t0p90_r0p05.npz,54522,046818dc8f48efe7f29748bd55b381e32ffea446e0f56f9850baff80d718bdc3
Q2\results\q2_final_validation_v3\08_calibration\runs\g0p05_t0p90_r0p05_daily.csv,3264,c0b5087548c35624f6a1bed19f62cc25f46b88f4c08d6496e29087897dd9ab24
Q2\results\q2_final_validation_v3\08_calibration\runs\g0p05_t0p90_r0p20.json,985,bf97a99e89b614e1c17d3c20ab48bf90351f132f2f9a8ab0ed5a8e01895e9e7d
Q2\results\q2_final_validation_v3\08_calibration\runs\g0p05_t0p90_r0p20.npz,54523,9eebee5f4974e055903ac327fb0b5ab81a4ebdfe632c14e6f5f59f23bd1f81af
Q2\results\q2_final_validation_v3\08_calibration\runs\g0p05_t0p90_r0p20_daily.csv,3266,583ad087cdc66ced5bff55b6607c46f15963b2d1012dcf7b6b4709bf307fa738
Q2\results\q2_final_validation_v3\08_calibration\runs\g0p05_t0p95_r0p05.json,985,a4809c9a6d4ab8e0bf38f1b23976bea0a69cc51902197e16fbc7600b6346caac
Q2\results\q2_final_validation_v3\08_calibration\runs\g0p05_t0p95_r0p05.npz,54523,57a596a6d1edee8f3f4dd4228ca422924b091e1d7c3f52bcfcaa0162c81bb063
Q2\results\q2_final_validation_v3\08_calibration\runs\g0p05_t0p95_r0p05_daily.csv,3264,0626ebac228dca65c18ed329d557c757fb44407a6a033734d439af11d030ca43
Q2\results\q2_final_validation_v3\08_calibration\runs\g0p05_t0p95_r0p20.json,986,e8710e8f5812f0c2c3ec0a22b7b26d5e7d947525ef63a069620f2b5687c0147d
Q2\results\q2_final_validation_v3\08_calibration\runs\g0p05_t0p95_r0p20.npz,54523,9eebee5f4974e055903ac327fb0b5ab81a4ebdfe632c14e6f5f59f23bd1f81af
Q2\results\q2_final_validation_v3\08_calibration\runs\g0p05_t0p95_r0p20_daily.csv,3266,583ad087cdc66ced5bff55b6607c46f15963b2d1012dcf7b6b4709bf307fa738
Q2\results\q2_final_validation_v3\08_calibration\runs\g0p10_t0p00_r0p00.json,1001,3b53748d50c87dc9a65671c4b724451f46ebc2f7aa2657bd2275d5af33e0d8d8
Q2\results\q2_final_validation_v3\08_calibration\runs\g0p10_t0p00_r0p00.npz,54420,44a08ff085daef9dffa65006bcb0017ffb0107840c042450f3dd7b01342be28b
Q2\results\q2_final_validation_v3\08_calibration\runs\g0p10_t0p00_r0p00_daily.csv,3244,0e97e1b745ec8a838662ad71ff7671e6d238658ab0b9c6dd2fc8ba4a367c99f5
Q2\results\q2_final_validation_v3\08_calibration\runs\g0p10_t0p90_r0p05.json,983,815ca4205d64b3fe62be275693bee4ead905ddea25d5e0ed08fc1a6a85283df6
Q2\results\q2_final_validation_v3\08_calibration\runs\g0p10_t0p90_r0p05.npz,54456,d468f21756eafbe7d7d8773fe425f359a1a4f75b363567a9beb1223078942f87
Q2\results\q2_final_validation_v3\08_calibration\runs\g0p10_t0p90_r0p05_daily.csv,3226,c7862485e12fc984b12637d5e2bad84bc3a86b6e7899a977fbad58fa78836f0e
Q2\results\q2_final_validation_v3\08_calibration\runs\g0p10_t0p90_r0p20.json,983,7fa21a0d7f4011f285dbc0d83f5c2db9741497dd0648aaa0003fe47ad4f5ee77
Q2\results\q2_final_validation_v3\08_calibration\runs\g0p10_t0p90_r0p20.npz,54521,b9a5a6d39633084767b4bf3434dee67cb9d8904f0b99bd5a4e46bde3640f9267
Q2\results\q2_final_validation_v3\08_calibration\runs\g0p10_t0p90_r0p20_daily.csv,3246,ed4021e912ab4a95f9ecdee0a628573b9cd482ab249e6ed2a5fe498bb145cc97
Q2\results\q2_final_validation_v3\08_calibration\runs\g0p10_t0p95_r0p05.json,982,e2dd98f74d965ad294181933e6fbd8e2e24b30b4f4f0a51a1a31d5643e000583
Q2\results\q2_final_validation_v3\08_calibration\runs\g0p10_t0p95_r0p05.npz,54455,1c95901e07f8c96c717cdee80e0ac55b07d2fa2c1eb892e910329b5cf631046d
Q2\results\q2_final_validation_v3\08_calibration\runs\g0p10_t0p95_r0p05_daily.csv,3221,a49cc1bd694165cbec989dabb962bde345e1299bf9cc1256cee3b2f83149fc5e
Q2\results\q2_final_validation_v3\08_calibration\runs\g0p10_t0p95_r0p20.json,982,5ee8dde56290815a76b5699958a178cf31acf4d22379a4fdd1f2461544f6a818
Q2\results\q2_final_validation_v3\08_calibration\runs\g0p10_t0p95_r0p20.npz,54521,b9a5a6d39633084767b4bf3434dee67cb9d8904f0b99bd5a4e46bde3640f9267
Q2\results\q2_final_validation_v3\08_calibration\runs\g0p10_t0p95_r0p20_daily.csv,3246,ed4021e912ab4a95f9ecdee0a628573b9cd482ab249e6ed2a5fe498bb145cc97
Q2\results\q2_final_validation_v3\09_statistics\block_bootstrap_M1_Empirical_Quantile.json,340,47e4297dd5c930a5f68728988f9ef6dc8cc94b4055bc1f826b26bc55fdfea359
Q2\results\q2_final_validation_v3\09_statistics\block_bootstrap_M2-TV.json,324,9d6b829c77b301be4a368b89c14508beb73822f03adc40e0f842aaa06d39a884
Q2\results\q2_final_validation_v3\09_statistics\daily_comparison.csv,69117,4be68dda16585172baeade8f57caaa49df1516772ee20478fbf805b98f8a8dc2
Q2\results\q2_final_validation_v3\09_statistics\daily_summary.csv,671,be77b2341db93b8ab375032966397048462845e859ff3dfc9603b7a19881cae5
Q2\results\q2_final_validation_v3\09_statistics\monthly_comparison.csv,5653,f540d42152806c4d8a64b85a85146316f64f3917d29f3f36d2d71a092183639d
Q2\results\q2_final_validation_v3\09_statistics\wilcoxon_M1_Empirical_Quantile.json,166,eff25072553229f90e6593bf3270e492eb76d142aedb107ae83d14e0f10871b1
Q2\results\q2_final_validation_v3\09_statistics\wilcoxon_M2-TV.json,146,26d9f991af4cafa8d7f5cc95acd81764d637bfd4d955a20238a8443eda212bdf
Q2\results\q2_final_validation_v3\10_scenario_quality\scenario_quality.csv,2570,d42fbd60998f04d69bd43a614bf39614efa3d66f4b9f891a437ddd2ad8f1b794
Q2\results\q2_final_validation_v3\11_top5_rerun\runs\TOP1_CVAR95S.npz,864006,acfd1605d8a5e5be04f28580aa935e42e0c6585dd491e0d71aaf550b2ee416d7
Q2\results\q2_final_validation_v3\11_top5_rerun\runs\TOP1_CVAR95S_daily.csv,59666,c1ae2d7d1f70e81d598fe2d1996ba8b1f4c7b2a302d56a85ca1e7e5e9e8c610a
Q2\results\q2_final_validation_v3\11_top5_rerun\runs\TOP1_CVAR95S_interval.csv,7353827,bd27301b8f68c9e0f17b530acfaa9439d904eeba5122e5bfae6ae4c6bf86b6dd
Q2\results\q2_final_validation_v3\11_top5_rerun\runs\TOP1_CVAR95S_scenario_metadata.csv,294828,2d700078eec75e5f73470cdd8b454b24683f4848ee2f4147279b8490cc612d16
Q2\results\q2_final_validation_v3\11_top5_rerun\runs\TOP1_CVAR95S_summary.json,1058,1ae7278bfc8fcae2994b1bfe06aa72c16402b7958e4571609e01248c8105c03f
Q2\results\q2_final_validation_v3\11_top5_rerun\runs\TOP2_CVAR90S.npz,864112,0751d8ada4ce5752f44819ae584c838e3351bf166e288fca51628d7243b8009c
Q2\results\q2_final_validation_v3\11_top5_rerun\runs\TOP2_CVAR90S_daily.csv,59666,bdb7f90d86bc0aa66a1cf9eebb401acc78a2c8f21f9b1448191bee9c9eddf2ed
Q2\results\q2_final_validation_v3\11_top5_rerun\runs\TOP2_CVAR90S_interval.csv,7353753,bfb8a5c808bd412d532685030a768404aecd2307a45e7f97f9e0c13588c453f5
Q2\results\q2_final_validation_v3\11_top5_rerun\runs\TOP2_CVAR90S_scenario_metadata.csv,294828,2d700078eec75e5f73470cdd8b454b24683f4848ee2f4147279b8490cc612d16
Q2\results\q2_final_validation_v3\11_top5_rerun\runs\TOP2_CVAR90S_summary.json,1056,e77a5068007178138c52315cdcd58f20c411fdc0f06b56ff1ed139407ae1e68b
Q2\results\q2_final_validation_v3\11_top5_rerun\runs\TOP3_CVAR90M.npz,858327,3bba8c70de556091eacfb238e4eeea2f74657ce360d6ce3e9fbf03327040708d
Q2\results\q2_final_validation_v3\11_top5_rerun\runs\TOP3_CVAR90M_daily.csv,59263,0ad83914325049afbb4cc28191f794c8f505e977e89d407b408cb9905ff60b98
Q2\results\q2_final_validation_v3\11_top5_rerun\runs\TOP3_CVAR90M_interval.csv,7340963,44afee6ae16d7cb67cf7e6db01ff956b5c27f4fa18fdc98da8424e40877fa4b3
Q2\results\q2_final_validation_v3\11_top5_rerun\runs\TOP3_CVAR90M_scenario_metadata.csv,294828,2d700078eec75e5f73470cdd8b454b24683f4848ee2f4147279b8490cc612d16
Q2\results\q2_final_validation_v3\11_top5_rerun\runs\TOP3_CVAR90M_summary.json,1056,979fa3793a2a4c3d7221d29aca8916577105dbcbdc42f8443f84c2ef3d55f3ea
Q2\results\q2_final_validation_v3\11_top5_rerun\runs\TOP4_CAL_CVAR.npz,862745,00b5a866decb3439375fa3c9d3700a707551331201a48bd1aea213265892d9a7
Q2\results\q2_final_validation_v3\11_top5_rerun\runs\TOP4_CAL_CVAR_daily.csv,59833,28b79853907e2ae730a02eb30f191f4bd8063dda9e85566f15bdc0e7930273af
Q2\results\q2_final_validation_v3\11_top5_rerun\runs\TOP4_CAL_CVAR_interval.csv,7349625,ea21441cbab76846f9ec8262fd3b7a80d0e91e24a48d8ea3153626757c7b47d8
Q2\results\q2_final_validation_v3\11_top5_rerun\runs\TOP4_CAL_CVAR_scenario_metadata.csv,198813,af5eeaa69fa79515f0c385cc6c7a46b0c1a46d1e23468bd923032ca10dbd5d9b
Q2\results\q2_final_validation_v3\11_top5_rerun\runs\TOP4_CAL_CVAR_summary.json,1057,c31590724524fe3686e20f6ae78bad53c63d0691aee6f22de4e62615999233c2
Q2\results\q2_final_validation_v3\11_top5_rerun\runs\TOP5_SIMPLE.npz,795130,4d7df002d82fb129e03846283bed9fcb42738c2d29eb8569ccc3b7cd156945a3
Q2\results\q2_final_validation_v3\11_top5_rerun\runs\TOP5_SIMPLE_daily.csv,53977,be22f2f29babb4b2a59e2fe3bfdcca168cee63551e69309b0d27838654c347f4
Q2\results\q2_final_validation_v3\11_top5_rerun\runs\TOP5_SIMPLE_interval.csv,7207556,950f510d42bfd8995c15a6d0a07d1c0d11c9f153e5cce7e7e72639a384020707
Q2\results\q2_final_validation_v3\11_top5_rerun\runs\TOP5_SIMPLE_scenario_metadata.csv,123,22712af58d29f28abc1b50e44201c3d688c599a05c048b5b5103c98c53ea9ad0
Q2\results\q2_final_validation_v3\11_top5_rerun\runs\TOP5_SIMPLE_summary.json,849,a76ac2cf70bc7cb8232df13c6cc3d047dbdfb50fc5177785fb9e69137631aafc
Q2\results\q2_final_validation_v3\11_top5_rerun\TOP5_CLEAN_RERUN.csv,1697,5e36ac6d8de909507c2e2e95eb43a4006d1289b49b9aeed669d52f887c5101d2
Q2\results\q2_final_validation_v3\12_paper_assets\paired_ablation\paired_ablation.csv,2102,b2338f998b23d88a35d5a400fab8df631438404d0506690d02bd19a6c480863b
Q2\results\q2_final_validation_v3\12_paper_assets\paired_ablation\runs\base.npz,863152,877aa7c05739d0eb4d8f98f3ba0cbb1fe337d6a8854147ca39c3998b294dba43
Q2\results\q2_final_validation_v3\12_paper_assets\paired_ablation\runs\base_cvar.npz,860972,edac78576bbf66ac069914f9bdec28c87ce18a6cd3cd6ee5097f30920ba34a91
Q2\results\q2_final_validation_v3\12_paper_assets\paired_ablation\runs\base_cvar_interval.csv,6618861,a087bdf2d6df6d5ee600b30c261b4d45ce10709831737f8cc491fbe478cc4ac8
Q2\results\q2_final_validation_v3\12_paper_assets\paired_ablation\runs\base_cvar_summary.json,1057,74a93c837922a32d466c03c4af3076ec1990eed49a5266958c92c04d59c10a2f
Q2\results\q2_final_validation_v3\12_paper_assets\paired_ablation\runs\base_interval.csv,6613543,8100fa78e8cd60148c3c37b787b27ead17d331d830cfb2d25f08922fa9e43fa4
Q2\results\q2_final_validation_v3\12_paper_assets\paired_ablation\runs\base_medoid.npz,859111,9d45596a1f84069eab42302727ffe58a122ac6033d518fcaa0035189f92c2a34
Q2\results\q2_final_validation_v3\12_paper_assets\paired_ablation\runs\base_medoid_interval.csv,6605094,4c998ab208451a7ed4a512277b1586469770c8b1d81710ca0315bbb8e8dbd3c3
Q2\results\q2_final_validation_v3\12_paper_assets\paired_ablation\runs\base_medoid_summary.json,1056,cc97943adfbd321919e3d07d57d9a9daf04868831a2ca41f3c3694e9d3921d97
Q2\results\q2_final_validation_v3\12_paper_assets\paired_ablation\runs\base_recency.npz,867363,4f9ace63cbd0900fb1073ce79554a3a18777d8add398c439b4241b889165f227
Q2\results\q2_final_validation_v3\12_paper_assets\paired_ablation\runs\base_recency_interval.csv,6629008,3aede7054718849ed1ac0a79053b3986fa1d3295982816a3f7cb31f9bd5371fc
Q2\results\q2_final_validation_v3\12_paper_assets\paired_ablation\runs\base_recency_summary.json,1039,bbe56d948cc536200a381cf00b0daf442dc2a5d5aba8b1efbfbaa5cb206d529d
Q2\results\q2_final_validation_v3\12_paper_assets\paired_ablation\runs\base_similarity.npz,864313,4fb3da72178e6bb35aadbd4cc40b3f4c6dfcb946375d882baa3fdc03d7743936
Q2\results\q2_final_validation_v3\12_paper_assets\paired_ablation\runs\base_similarity_interval.csv,6616087,aa687cab7f80a959fce481a9315323139e52cc8f0a64d82c5f1f35fcc68da742
Q2\results\q2_final_validation_v3\12_paper_assets\paired_ablation\runs\base_similarity_summary.json,1045,59ec5d02f354ad9ebf60422189be706f8235a5cc36be321d0e1200773042b0d2
Q2\results\q2_final_validation_v3\12_paper_assets\paired_ablation\runs\base_summary.json,1052,73280644927ed56b364fe8b7d0cd8cedbf9637c0c349f6f3a8c329638c85d281
Q2\results\q2_final_validation_v3\12_paper_assets\paired_ablation\runs\base_terminal_value.npz,865443,d9dc35d7c356642a0f85cd185ccce210733752c35f4e1c646341c4bf9e59aaf5
Q2\results\q2_final_validation_v3\12_paper_assets\paired_ablation\runs\base_terminal_value_interval.csv,6610504,09737fa36c5717905a938083d2655961e4c0faecf5c18067bb5930ee37906909
Q2\results\q2_final_validation_v3\12_paper_assets\paired_ablation\runs\base_terminal_value_summary.json,1052,af76857ebcdf01514768c6c39ae0ded9ddf2c983b843039e82e96d3018a982a7
Q2\results\q2_final_validation_v3\12_paper_assets\tables\TableQ2_9_Paired_ablation.csv,2102,b2338f998b23d88a35d5a400fab8df631438404d0506690d02bd19a6c480863b
Q2\results\q2_final_validation_v3\Q2_FINAL_MODEL_DECISION.json,2505,4ffb85e4faf4adf1322205a16b67d6593c538b07e83052096bd2e022338eadbb
Q2\results\q2_final_validation_v3\Q2_FINAL_VALIDATION_REPORT.md,2170,89f83a24263eb90db5c1dfab2e6abf0d4d69459213f3315174e15d9471e680f2
Q2\results\q2_rebuild\annual\eev.npz,844408,0efda156dd137693c8fd094cd1407345fbb1f5a6d454428ea74b68d9ae0a51ca
Q2\results\q2_rebuild\annual\eev_daily.csv,63614,e8438bd88626a6b2c9b5d60eec92f21005fa95ef70950607eb2499e85ab88452
Q2\results\q2_rebuild\annual\eev_summary.json,810,bd4565d832f08f5fb01934d62d12c5e9df8ecc5e15ae24a93d413ec10f990c7b
Q2\results\q2_rebuild\annual\m0_reconstructed.npz,842921,b54e0949a529cd9c911998ca34dcc7aa76253d45b4fc487793be5ec8db6f8ff2
Q2\results\q2_rebuild\annual\m0_reconstructed_daily.csv,56700,db20cafed46ef5edf6ac129b97294d42a23f7d703d59d8437958d61a478826e8
Q2\results\q2_rebuild\annual\m0_reconstructed_summary.json,806,1ad6402774ea24cc1ab4968eeae52f4dd9bb31543408f218afdcb1d521f0a30d
Q2\results\q2_rebuild\annual\m1.npz,829348,07a22cc700231f04da3e3c8baf569506aca15a794cdc93dd952e5fda33c8b860
Q2\results\q2_rebuild\annual\m1_daily.csv,54549,1a92542b5db209168659a7651b6e8bc09ef0dc6fe9a256c562a127e99b384e8d
Q2\results\q2_rebuild\annual\m1_summary.json,805,692f06669b3aa628c3d0370a7148ee22660099c1089c3cedf55ba06de8d1fb42
Q2\results\q2_rebuild\annual\m2_h.npz,845486,da29c099e36993981b3c82b67606d828a2ce46892cac180d4ba187f351d94b8a
Q2\results\q2_rebuild\annual\m2_h_daily.csv,56236,ad0d34e90116b2a881cb9bfc8f7d1e20c96f99fba511f58b5da7d42c6458869f
Q2\results\q2_rebuild\annual\m2_h_summary.json,1009,7c4213576432692c0b618b11aec25833f7bef1fa97ca659cf50f7d7e19392dc3
Q2\results\q2_rebuild\annual\m2_tv.npz,859317,482dbb52822bb808a0fde9b5eb4d7b01339a2aba3b340751b2c0e25cd6f43636
Q2\results\q2_rebuild\annual\m2_tv_daily.csv,59966,0b6dd30ef5d5e1913d5b85619bc4cbca34e0e1885e7d81ea59b21240472c230d
Q2\results\q2_rebuild\annual\m2_tv_summary.json,1008,0bc81a7da56ad3bd9ecc5de5d982708d2bd96cbe27050df41881a6e44eddf68e
Q2\results\q2_rebuild\annual\oracle.npz,481572,84e1392fe713fc91c12e67e719eebd48a1668c82553db42e42d4e0fd7b437b6c
Q2\results\q2_rebuild\annual\oracle_daily.csv,62190,5844a20e79b95dff9584dffa9fd4b0d9c22663ca0811621eb737662ea45a729a
Q2\results\q2_rebuild\annual\oracle_summary.json,816,9f88d8e274ea5ee34cfa9c6893f044a2b661b2b9698e9a0cf3834cad45ea5f08
Q2\results\q2_rebuild\annual\selected_candidate.npz,829348,07a22cc700231f04da3e3c8baf569506aca15a794cdc93dd952e5fda33c8b860
Q2\results\q2_rebuild\audit\p0_audit.json,603,070eb66b9c015d36a0a1fab330363219a11957e4df5aae770deb44f62e166c00
Q2\results\q2_rebuild\audit\run_manifest.json,411,5be71224911f9c3e1f40a924ff7e1e644831e176be5804ed56350f26add4f319
Q2\results\q2_rebuild\baseline\m0_historical_summary.json,330,ca2598ca02d6403f14c0714b1eec0644b249eec1aa6376c5ff07370f45e394cf
Q2\results\q2_rebuild\baseline\m0_reproduction_audit.json,408,63a8eff188a59d592432c110ba49b418a99d7562ede453ca661126549fe738ed
Q2\results\q2_rebuild\calibration\m1_alpha_window_grid.csv,32364,640a818b6b72267fa1c198a852b916ad9aff89705c0f1300951052c839a92dd7
Q2\results\q2_rebuild\calibration\m1_selection.json,105,653a4c0785107b141b59afc25d4ed7abc961252442d62c0269e27d054643519e
Q2\results\q2_rebuild\calibration\m2_selection.json,84,387a0ef91bdab90ccebc0c9d57d851f12dc7e7b699b598d33e520ab56bf1d0f8
Q2\results\q2_rebuild\calibration\scenario_count_grid.csv,1885,826c3a351213644fa5aa518b1c4685dee84daec8fb25433532b4b4f5ced37054
Q2\results\q2_rebuild\calibration\terminal_lambda_grid.csv,2657,4152301aaac0557e548b9b228d44f55304f54186e3458b9d328166017098bbc1
Q2\results\q2_rebuild\comparison\final_selection.json,445,b0b3c180deeed605a680dd1028d86194b09c4bbebcd26b66b6c8910a7870cc49
Q2\results\q2_rebuild\comparison\model_comparison.csv,2467,8ca6526bf7c2eaf4ba15af9a576b9a8263f68d028192bdff711c5ff17b5cc549
Q2\results\q2_rebuild\comparison\monthly_comparison.csv,13367,56fd923c8de72df81a2ebbb96e55c93043e9f623f41ef7bf2999e0f3ad2f1d14
Q2\results\q2_rebuild\final_validation\block_bootstrap_m1_vs_m2tv.json,277,7ac8e5328eb43139dd3eb600fd2a3ef23736c037cd9e7fc8fe0306786b1b6deb
Q2\results\q2_rebuild\final_validation\block_quantile_candidate.json,440,2571b4c4594c74f58b57307013caf0c2f0341f5557235f3a4bf71ad229378919
Q2\results\q2_rebuild\final_validation\block_quantile_candidate.npz,844864,32246c115e3565dabf3495a4f5b2a2c7d35155dc7d83e513cde959e3a279c894
Q2\results\q2_rebuild\final_validation\block_quantile_january_selection.csv,72,ac141ac53b8affc8ff90b624278a048a8e70fb397ecf33bf285df0d92f1b2b2a
Q2\results\q2_rebuild\final_validation\checkpoint_lambda_0p3684.json,1157,59c3398480f056cbca26b1f8708b9fbb0805d1aca1289c7385eac790ca07d780
Q2\results\q2_rebuild\final_validation\checkpoint_lambda_0p3684.npz,863005,42f226d0bdf4b7ebed1d23228084f334b7fb1706acc1423b5afbf33fda34bb9e
Q2\results\q2_rebuild\final_validation\checkpoint_lambda_0p4184.json,1159,25953f5127d118431e581d56cf69dcd0fc5742a059f0258ba995c787fddde03d
Q2\results\q2_rebuild\final_validation\checkpoint_lambda_0p4184.npz,863430,de983a88186679c7f5dc5b9f6398b3a9efe64d5e7fddfdf69a4d420bff47fe9b
Q2\results\q2_rebuild\final_validation\checkpoint_lambda_0p5184.json,1157,bf77093f9ea93be12a7a8b050202a18d421e87a53847812821cc65384c1be7f9
Q2\results\q2_rebuild\final_validation\checkpoint_lambda_0p5184.npz,854542,84092a40fcddc2bb5a4483a1ebed9ce35843fd490bdc37eb462d585ec9303904
Q2\results\q2_rebuild\final_validation\checkpoint_lambda_0p5684.json,1155,b51de0f676d751f6e94e0d293591e5d5680323d86d3f654f35a5b8e7e2a2b7e0
Q2\results\q2_rebuild\final_validation\checkpoint_lambda_0p5684.npz,853611,82f003234a0d181eacdcb0e9bef13c3a6f063566ca8641efdff3572f61bd958e
Q2\results\q2_rebuild\final_validation\checkpoint_scenario_count_10.json,1160,fb55a8be8c98b1a1ee84e985a9cf8294c435cef7840a7d321e5669d76c61708b
Q2\results\q2_rebuild\final_validation\checkpoint_scenario_count_10.npz,859990,cbdb690a7c6a3aa71b37a77c2dd6809a810a982b96044b9c009745945ea65d74
Q2\results\q2_rebuild\final_validation\checkpoint_scenario_count_20.json,1160,eaffe6151891d32c2ed3b1d955bfee695cdf7c560a7fc802fa02411601f68315
Q2\results\q2_rebuild\final_validation\checkpoint_scenario_count_20.npz,858655,02da38487aef03745934e41917bfd310fdab5e6658ee650a7fd346c7790bcd02
Q2\results\q2_rebuild\final_validation\checkpoint_scenario_count_50.json,1158,d4e7f1a1b9e5dfbf5c580cca3db32a2c1a473d033331fd46058854c74cf8a290
Q2\results\q2_rebuild\final_validation\checkpoint_scenario_count_50.npz,858238,b509bd28c0e18eb1d08f99e70f4da5bef3d6fb1edcf00364505cb43c6c2d063c
Q2\results\q2_rebuild\final_validation\checkpoint_similarity_scenarios_15.json,1167,d46860cd1779be3c7782a9fd889603ea59852f1071a50176f9be8ca6ae1e5a67
Q2\results\q2_rebuild\final_validation\checkpoint_similarity_scenarios_15.npz,862077,f83bcbd492111bd9527988ccaa1c99e98f34c307b6b8d8868de0b2bcf2833f30
Q2\results\q2_rebuild\final_validation\checkpoint_terminal_equalized_m2tv.json,1166,d2f7191b0aa9fc619ad315916999435f641d37399b944ac66480ce2940c44a0a
Q2\results\q2_rebuild\final_validation\checkpoint_terminal_equalized_m2tv.npz,859346,129ab027698ebe888e5557ea52eb58af03fb8c1b60193db52cc1d686b5b13523
Q2\results\q2_rebuild\final_validation\classical_information_daily.csv,1162,4e47343d0abda465ab2685bf09336a78667b82c0b61036079a3e7268a5eb8b6d
Q2\results\q2_rebuild\final_validation\classical_vss.json,431,07d1c461146d2e3c0f041243fcc5dc9d6fec38177128063d79a2e4dda8ef1c7a
Q2\results\q2_rebuild\final_validation\evpi.json,431,07d1c461146d2e3c0f041243fcc5dc9d6fec38177128063d79a2e4dda8ef1c7a
Q2\results\q2_rebuild\final_validation\fast_validation_manifest.json,677,f1050ddd24fd865a473d671d0d7a3dd93f7f1f295e0cdd352ba967453d4baeb5
Q2\results\q2_rebuild\final_validation\final_soc_comparison.csv,1095,81789c0a1431d742b4359a55e9a41691d2f4f92883a28714008522292947fd5f
Q2\results\q2_rebuild\final_validation\forecast_monthly_stability.csv,20181,7b711a4b7545dbd82f60da24b4b4efe9a7ac2642996eb394f93e06b4215fa7dd
Q2\results\q2_rebuild\final_validation\m0_reconstruction_probe.csv,1193,3ff6886ebeee376c7872a3a09a86869ebd70926f52bfeaf3ef4db742705a66a2
Q2\results\q2_rebuild\final_validation\m0_reconstruction_probe_status.json,152,d4f045053f7053a8b46311ff7f03c8511d8b66f58706463a08faeb56339ca909
Q2\results\q2_rebuild\final_validation\m1_monthly_risk_transfer.csv,2193,7776eb259c51c9f81d3b39eac47611927a6968e14f24725bdd6bc803dda5c38b
Q2\results\q2_rebuild\final_validation\m1_neighborhood_stability.json,208,0ece495193ff52570c2bfb0d2e3aa368f385e063736d8c170464aa1a9a07a00e
Q2\results\q2_rebuild\final_validation\m1_posthoc_neighborhood_sensitivity.csv,1136,fcf58f158d305abfa15ea917c7088fa0791c9dac06162363a65a742eabc55890
Q2\results\q2_rebuild\final_validation\m1_risk_transfer_diagnostics.csv,443,08442a4d25bd6f20e1966f4a7992ab0a6081674f5c982c19d63e71d7bf1501b0
Q2\results\q2_rebuild\final_validation\m1_top20_emergency_days.csv,3932,7f2fb88f052ff14fc6aefa52419bca6eaeb4a6e937adf51992b8c0f5e764038a
Q2\results\q2_rebuild\final_validation\m1_top20_spill_days.csv,3144,bb456188c388c8f08a4d19ebf9b8921f5d0177f63de453afb524908a00af86c8
Q2\results\q2_rebuild\final_validation\m1_vs_m2tv_daily_comparison.csv,69594,4f1bb30baad2d7c6e5fde001664ee34916e474822271a63774a6f04c304a97cc
Q2\results\q2_rebuild\final_validation\m1_vs_m2tv_statistics.json,473,9d2e2b0b964ad60af4331145156e54f4bb7f736ce4082b96362a6b7b5838e9ec
Q2\results\q2_rebuild\final_validation\oracle_gap.json,204,e8cd00942aa5423aee873e4ba011e872ae8374032ddf56104ee4410e271d6b36
Q2\results\q2_rebuild\final_validation\out_of_sample_vss.json,140,811a16eb0af880c007c56d421f476401118c9c4416e8008689c2863030724c1b
Q2\results\q2_rebuild\final_validation\q2_time_alignment_audit.csv,12227,cb7f3a86fdcb32a34259d14558fa803ffb98e622ca9a32cbc77b5d4f4ac91ce6
Q2\results\q2_rebuild\final_validation\q2_time_alignment_status.json,273,f283e4f32d20d3997092d5272052a5f131e35f8cf0d38e8d0d8c0863724131d3
Q2\results\q2_rebuild\final_validation\scenario_count_sensitivity.csv,628,47e6b5f027acf52941651ee34ca297997059aa109dbb23b9380d58a318bd3f81
Q2\results\q2_rebuild\final_validation\scenario_count_stability.json,102,84b0d760f82ca7466a0ec82544c7869d2bb3d36693bee1a127ddf9b80dfb3998
Q2\results\q2_rebuild\final_validation\scenario_quality_report.csv,183655,e76cdd7a8258ed0f8695c2a2ec22db4049d5e8674c9bf59682652e3e32a048dc
Q2\results\q2_rebuild\final_validation\scenario_quality_status.json,230,eeaf6e71f283d8febf5f6dd1feeb53ccaec09c55e894fd143811acd2132bd755
Q2\results\q2_rebuild\final_validation\similarity_conditioned_candidate.json,488,56c5ad1227dae3fc1bc0a315c9961e4fa0bc8bce7bb2ea8bd821120a8ebbd79b
Q2\results\q2_rebuild\final_validation\similarity_scenario_january_selection.csv,74,4273b78f69570359caffcaa242ab0b83f95f77b300b53c05a02f010312fe1b80
Q2\results\q2_rebuild\final_validation\stochastic_validation_manifest.json,1091,1b57b5e493b6887736acb025787a0f60fb9e5ab549b3512b8cad6e5df6741dc7
Q2\results\q2_rebuild\final_validation\terminal_equalized_comparison.csv,776,94d884adb36079ea6a8238aaa1c639536cdb7a5cdd52badb2902b2777c421f25
Q2\results\q2_rebuild\final_validation\terminal_equalized_comparison_partial.csv,627,823e8ce2e63392eb6de64fb1bb60e6a9f19f50006178861eb0021230d88ea389
Q2\results\q2_rebuild\final_validation\terminal_equalized_m0_rebuild.npz,842946,a456831b4ff2c270cf0239c4d3857909ac04f94c9ecc62ed182e9a2ffe1b00ce
Q2\results\q2_rebuild\final_validation\terminal_equalized_m1.npz,829372,f3a2de07ad22b368e9043dfb835290ff5e97e5dac0f9cf9fd5a95c43f5eae990
Q2\results\q2_rebuild\final_validation\terminal_equalized_oracle.npz,481576,5f22d61faaf940fb27d9f6afb464357faed961da039026c48ac54d6b8ff9d40b
Q2\results\q2_rebuild\final_validation\terminal_lambda_sensitivity.csv,1038,3824f7398d096dba727d680497535e7ed15f7625a3aedf34194b2c8574a7349d
Q2\results\q2_rebuild\forecast\forecast_selection.json,308,b1b1099e158393f79c350ee1f64cd4a86cbff8b68382329b580e12dada92dbf0
Q2\results\q2_rebuild\forecast\jan_rolling_predictions.csv,126103,4a692d8bb9eb5a702fcffc4be0f6ea584281b6c39755d068e89afce4752002d6
Q2\results\q2_rebuild\forecast\load_scores.csv,394,1ceeebe534c671c0f5847e93547ba105e20b5577d0c4172cd2ee5adbf8aa484f
Q2\results\q2_rebuild\forecast\netload_scores.csv,937,3f3298925f1e174553916dda51eb4b4497850743bb5769262ee874ad3a22c742
Q2\results\q2_rebuild\forecast\pv_scores.csv,448,75547a41ae90ba636aeb88316deb8be42f1e67263b4372cadafdec70ae052051
Q2\results\q2_rebuild\result2_M1候选.xlsx,422752,b84b3b65a00becd248e3d48b8b980f1d72b0955ba3aa31a29d9bd64b7c8bca89
Q2\results\q2_rebuild\result2_M1候选.xlsx.inspect.ndjson,25212954,4b87092312861798cb5bbe45208fadb1013caac8d7fb62f2209fa9bce0c0d7e9
Q2\results\q2_rebuild\scenarios\scenario_validation.csv,1724,dd96544e26a4d83f593cbe115bf0cae4680102b25e3b48b64ec19afcc0f006f1
Q2\results\q2_rebuild\workbook_build_log.txt,13983,1bdb0ff105caf286e241cc1505944e8cd1e9cfd9e0f28c286a51bb0484aea198
Q2\results\q2_rebuild\workbook_payload.json,586137,3fb7c7249798f9de1673fbf676b20b7d39ee35a6e85a8f5a237552e987050b09
Q2\results\q2_rebuild\workbook_previews\充放电量.png,74406,f867823e35f8894466adefe2838b7f1c319ea7f580c42178ba4ffcf233a2bfb9
Q2\results\q2_rebuild\workbook_previews\紧急购电量.png,103778,e3a74a667f8f6f6dcfa75dd74f9f8cc799fabbd3777410cfa8487856b9b76972
Q2\results\q2_rebuild\workbook_previews\计划购电量.png,145143,27ba1e96d355b85f6464b60e902c1f3b235f0b11132d9e3b16469af3cd276d08
Q2\results\q2_rebuild\workbook_verification.json,1207,df7faa2ce7e69f8bc174749510e27984261b97493129800079116a330ab3ecb6
Q2\paper_assets\figures\FigQ2_01_Forecast.png,59439,61f89c320cb69740eddfeee25faa3f1ca2a778eb9916be395cd54c76159af73c
Q2\paper_assets\figures\FigQ2_02_Cost_risk.png,45830,c74b1bf0a73907ab9608f3a19402096b7c2b7718b0f2263077ca0e7a965ba9e2
Q2\paper_assets\figures\FigQ2_03_CVaR_convergence.png,58398,69ee6788a47e27f12b133b8d5937a7893319303c9ab7d033417013a52e906a9a
Q2\paper_assets\figures\FigQ2_04_Recency_gamma.png,54976,e11374d8fe9cbb54a93e9b79181d9c82a8dad7a0a2b16dd862751f4aecde2e45
Q2\paper_assets\figures\FigQ2_05_ESS.png,48265,5ccba9161f49e25d61d96fcf38d9160a6a655c88908b0930671ce9e290282062
Q2\paper_assets\figures\FigQ2_06_Cost_decomposition.png,53282,92a84812350ea85a8731ca8998c8e17ff4015ad4a71dc28d516780d547d87d53
Q2\paper_assets\figures\FigQ2_07_Monthly.png,114311,1b05a1a66560e8506d76a1a0aacd99981418e30a7505b023c04d31be4a50ce74
Q2\paper_assets\figures\FigQ2_08_Daily_difference.png,40963,491e8dfed64a0e696e56a27f553024ce41d36a57f5f15866d8d862b6d5b37bf3
Q2\paper_assets\figures\FigQ2_09_SOC.png,157172,d0485076f1cc1d0d7476c3914d2421fdd78f4c5806cc3985d495c957bdc86979
Q2\paper_assets\figures\FigQ2_10_Terminal_fairness.png,54195,2057ff75e201266513e4f7c138dd62064f927bb10152ad189c2e0e1f72720531
Q2\paper_assets\Q2_ALGORITHM.md,1039,30df89818cc45fccfa77534494856a1aa33417c1270af70252711de3de397d71
Q2\paper_assets\Q2_ECONOMIC_INTERPRETATION.md,470,df5385a51208f8b98602ca5d2886a3ce6388456a950e476e3c7c7b3995dac7e2
Q2\paper_assets\Q2_FINAL_VALIDATION_SUMMARY.md,2534,6e76399011e3372fe5f3934b214f72f907c342ed4c6acfc319c20e7a1e137501
Q2\paper_assets\Q2_FORMULAS.md,1372,47ce24065b07445a6fdbd7b30cb739e9ec5822daf1b90d54445923e063d828af
Q2\paper_assets\Q2_LIMITATIONS.md,362,3d0ecfa38021c739a5c76a1c908cc192a6738fb6bbe2816f5b30f3a9e1489cb2
Q2\paper_assets\Q2_PARAMETER_SELECTION.md,448,fdd9542399a1962d81c305f244072c8613844d8b3b165a1bf735e8b3caa1e1ba
Q2\paper_assets\Q2_PSEUDOCODE.md,665,bbc9b447e1898139412ab43c88dd24f82876ecc0e30fc89f0e15e3004c6dea59
Q2\paper_assets\Q2_REFERENCE_MAPPING.md,413,b9ee62718461804aa35fddc9b8870650d806300871f86e07670a3864bf704f1d
Q2\paper_assets\Q2_RESULTS.md,651,5b8dbf8a582866c8fdec29c4f376bcedf7c003d979ef8106da5c6c38f13942c8
Q2\paper_assets\Q2_ROBUSTNESS.md,527,30c45f35f33e06072cc40843a619964654617fb6bb1375d0016d034390910c09
Q2\paper_assets\tables\TableQ2_01_Forecast.csv,1844,5a9fe8e313af80c2033ab8fe22051235edbc71851989d996d0b49d99e7e880e4
Q2\paper_assets\tables\TableQ2_02_Risk.csv,5104,b2b757a2ffd0f1987346baa622d6a49dead2c80e1dbc33b481ff8cb2b43c901b
Q2\paper_assets\tables\TableQ2_03_Scenario.csv,5726,f230c9610a6e7f7088b1a8679503e3bf5684002b753af9e6f858f61bfe51a254
Q2\paper_assets\tables\TableQ2_04_Main_model_comparison.csv,1882,4409fbeb3ae20c75f9178069f239e5acc638e9d7062cd42178d1e595d5921505
Q2\paper_assets\tables\TableQ2_05_Top5_clean_rerun.csv,1695,83056a99aa853bcbd12f958d3861f985ece9a0228814c7b06138a96fdafaa2a5
Q2\paper_assets\tables\TableQ2_06_Audit.csv,2451,1c8458038e852ee2b9d3a4936849929f0a3a38a2fed902f4be912125721d71e9
Q2\paper_assets\tables\TableQ2_07_Sensitivity.csv,6702,0bdde400598524e08f1bafda8d2191227a8a915e3e766c9e65cfdd1ddc828879
Q2\paper_assets\tables\TableQ2_08_External.csv,352,2e7169685d7bc4e69c5cab7bdcf12f67cad54e72f34fc9bff1dd4789e3bac7a7
Q2\paper_assets\tables\TableQ2_09_Paired_ablation.csv,2097,2321278fed22623a471b0c2f0caba4b9241138c3478657ac4145b3b6e136792d
Q2\paper_assets\tables\TableQ2_10_Method_rejection.csv,636,dd53f4f14951d80d38da558a4a2c6a45be2a866ec60f78d52dd0a0c3448e2abb
