day_index,plan_day,issue_time,planned_initial_energy_kwh,executed_initial_energy_kwh,upstream_planned_initial_energy_kwh,planned_initial_source,q0_source
0,2025-01-01,2025-01-01,6000.0,6000.0,6000.0,previous_confirmed_contract_and_last_release,Q4_causal_callback
1,2025-01-02,2025-01-02,3783.278582777777,3869.5352031481475,3916.1970735185178,previous_confirmed_contract_and_last_release,Q4_causal_callback
2,2025-01-03,2025-01-03,3742.336641481481,3942.699220925925,3863.858335925925,previous_confirmed_contract_and_last_release,Q4_causal_callback
3,2025-01-04,2025-01-04,10800.0,10800.0,10800.0,previous_confirmed_contract_and_last_release,Q4_causal_callback
4,2025-01-05,2025-01-05,10800.0,10775.879338333332,10798.495453333331,previous_confirmed_contract_and_last_release,Q4_causal_callback
5,2025-01-06,2025-01-06,1923.015558395064,2030.7343917283974,2068.657373209879,previous_confirmed_contract_and_last_release,Q4_causal_callback
6,2025-01-07,2025-01-07,1982.3615737037035,2106.9580829629626,2101.4206979629625,previous_confirmed_contract_and_last_release,Q4_causal_callback
7,2025-01-08,2025-01-08,2343.406408888889,2459.9907237037037,2487.813338703704,previous_confirmed_contract_and_last_release,Q4_causal_callback
8,2025-01-09,2025-01-09,4433.573112222222,4426.656372222222,3810.273604555562,previous_confirmed_contract_and_last_release,Q4_causal_callback
9,2025-01-10,2025-01-10,4939.3398137094155,4976.101791209416,3666.4912305555554,previous_confirmed_contract_and_last_release,Q4_causal_callback
10,2025-01-11,2025-01-11,5352.700022977781,5386.000022977782,3027.448405885184,previous_confirmed_contract_and_last_release,Q4_causal_callback
11,2025-01-12,2025-01-12,5135.244053518519,5107.519738703704,3192.535291851852,previous_confirmed_contract_and_last_release,Q4_causal_callback
12,2025-01-13,2025-01-13,5328.296408296292,5371.10819050333,4321.252870037038,previous_confirmed_contract_and_last_release,Q4_causal_callback
13,2025-01-14,2025-01-14,5118.733838881485,5082.181451555559,4034.8291355555552,previous_confirmed_contract_and_last_release,Q4_causal_callback
14,2025-01-15,2025-01-15,5113.191977388964,5085.711084814816,3803.0728707407416,previous_confirmed_contract_and_last_release,Q4_causal_callback
15,2025-01-16,2025-01-16,8001.626753455556,8065.7177210481495,4436.477120370367,previous_confirmed_contract_and_last_release,Q4_causal_callback
16,2025-01-17,2025-01-17,9766.481434237036,9795.616421737035,4561.133430824191,previous_confirmed_contract_and_last_release,Q4_causal_callback
17,2025-01-18,2025-01-18,10165.307649924074,10141.765251174074,4886.624458592594,previous_confirmed_contract_and_last_release,Q4_causal_callback
18,2025-01-19,2025-01-19,10634.689389333333,10601.617889333333,4018.328131111109,previous_confirmed_contract_and_last_release,Q4_causal_callback
19,2025-01-20,2025-01-20,6062.551079870373,6030.972397370372,5064.267725629624,previous_confirmed_contract_and_last_release,Q4_causal_callback
20,2025-01-21,2025-01-21,6460.891148638889,6424.942099333333,5372.83875689257,previous_confirmed_contract_and_last_release,Q4_causal_callback
21,2025-01-22,2025-01-22,6425.665474238891,6429.965910488891,5035.98149412963,previous_confirmed_contract_and_last_release,Q4_causal_callback
22,2025-01-23,2025-01-23,5728.180399518978,5723.2743645189785,4350.978890277772,previous_confirmed_contract_and_last_release,Q4_causal_callback
23,2025-01-24,2025-01-24,7006.619132111113,7014.559869611112,5055.811976384813,previous_confirmed_contract_and_last_release,Q4_causal_callback
24,2025-01-25,2025-01-25,10509.969535268518,10479.046559018518,3291.5180197816617,previous_confirmed_contract_and_last_release,Q4_causal_callback
25,2025-01-26,2025-01-26,10305.99854946296,10344.51616057407,3259.855821388891,previous_confirmed_contract_and_last_release,Q4_causal_callback
26,2025-01-27,2025-01-27,3531.726771666667,3496.8399244444445,4198.36365296296,previous_confirmed_contract_and_last_release,Q4_causal_callback
27,2025-01-28,2025-01-28,4890.940731212963,4911.616502462964,4674.849585207593,previous_confirmed_contract_and_last_release,Q4_causal_callback
28,2025-01-29,2025-01-29,4472.8505260787115,4473.793298578711,4343.778228277784,previous_confirmed_contract_and_last_release,Q4_causal_callback
29,2025-01-30,2025-01-30,5608.650732466387,5560.295873577498,5128.189675370372,previous_confirmed_contract_and_last_release,Q4_causal_callback
30,2025-01-31,2025-01-31,4539.687691055557,4510.758061055557,4575.8344301296265,previous_confirmed_contract_and_last_release,Q4_causal_callback
31,2025-02-01,2025-02-01,10280.71262138889,10300.422321388889,3696.146990203704,previous_confirmed_contract_and_last_release,Q4_causal_callback
32,2025-02-02,2025-02-02,10762.38077687259,10763.422721872588,4265.419233475304,previous_confirmed_contract_and_last_release,Q4_causal_callback
33,2025-02-03,2025-02-03,5798.258329629631,5795.003375925927,5162.784542151806,previous_confirmed_contract_and_last_release,Q4_causal_callback
34,2025-02-04,2025-02-04,5336.837566899076,5331.946156899076,5129.671634777778,previous_confirmed_contract_and_last_release,Q4_causal_callback
35,2025-02-05,2025-02-05,5207.307658916665,5228.991917666665,4783.475988240755,previous_confirmed_contract_and_last_release,Q4_causal_callback
36,2025-02-06,2025-02-06,5147.637057382061,5178.903288863543,4848.43646486224,previous_confirmed_contract_and_last_release,Q4_causal_callback
37,2025-02-07,2025-02-07,5322.060565521842,5345.283224271842,4708.850839528576,previous_confirmed_contract_and_last_release,Q4_causal_callback
38,2025-02-08,2025-02-08,10341.274149074074,10356.503049074074,3683.091445074075,previous_confirmed_contract_and_last_release,Q4_causal_callback
39,2025-02-09,2025-02-09,10118.014407240285,10158.339259740285,4783.22639052926,previous_confirmed_contract_and_last_release,Q4_causal_callback
40,2025-02-10,2025-02-10,7920.911406252003,7924.2484600020025,4636.979442685186,previous_confirmed_contract_and_last_release,Q4_causal_callback
41,2025-02-11,2025-02-11,6405.435918273153,6374.1671507731535,5402.405331555007,previous_confirmed_contract_and_last_release,Q4_causal_callback
42,2025-02-12,2025-02-12,3772.494313009259,3784.455676759259,4943.291459629629,previous_confirmed_contract_and_last_release,Q4_causal_callback
43,2025-02-13,2025-02-13,6396.3647183773155,6421.685574858797,4578.371450370372,previous_confirmed_contract_and_last_release,Q4_causal_callback
44,2025-02-14,2025-02-14,7246.198047685184,7251.987507685185,5136.213979815741,previous_confirmed_contract_and_last_release,Q4_causal_callback
45,2025-02-15,2025-02-15,10101.2481945,10086.8349045,4645.231351487082,previous_confirmed_contract_and_last_release,Q4_causal_callback
46,2025-02-16,2025-02-16,10174.368098998459,10189.697498998457,4225.42437,previous_confirmed_contract_and_last_release,Q4_causal_callback
47,2025-02-17,2025-02-17,7456.075769224537,7493.316869224537,4297.51885074074,previous_confirmed_contract_and_last_release,Q4_causal_callback
48,2025-02-18,2025-02-18,7126.969073181329,7150.193318551699,4408.262201527208,previous_confirmed_contract_and_last_release,Q4_causal_callback
49,2025-02-19,2025-02-19,5755.8292459760805,5773.177885976081,4485.634786893692,previous_confirmed_contract_and_last_release,Q4_causal_callback
50,2025-02-20,2025-02-20,5355.985519814814,5318.367927222222,4050.34083824074,previous_confirmed_contract_and_last_release,Q4_causal_callback
51,2025-02-21,2025-02-21,5761.083920370472,5749.285074120472,4355.368312037037,previous_confirmed_contract_and_last_release,Q4_causal_callback
52,2025-02-22,2025-02-22,10165.82400668519,10138.719884185191,4623.987073685184,previous_confirmed_contract_and_last_release,Q4_causal_callback
53,2025-02-23,2025-02-23,10389.258695107923,10340.837226959775,4282.025878721664,previous_confirmed_contract_and_last_release,Q4_causal_callback
54,2025-02-24,2025-02-24,6654.469662830254,6650.888296580254,4395.560764722218,previous_confirmed_contract_and_last_release,Q4_causal_callback
55,2025-02-25,2025-02-25,6282.3686152137325,6322.912680028548,4391.969021851852,previous_confirmed_contract_and_last_release,Q4_causal_callback
56,2025-02-26,2025-02-26,7233.239360883088,7242.736854633088,4199.411089018523,previous_confirmed_contract_and_last_release,Q4_causal_callback
57,2025-02-27,2025-02-27,5536.533674395731,5534.843456803138,4439.825971203703,previous_confirmed_contract_and_last_release,Q4_causal_callback
58,2025-02-28,2025-02-28,9405.932889176618,9426.337715426618,4415.103198811499,previous_confirmed_contract_and_last_release,Q4_causal_callback
59,2025-03-01,2025-03-01,9995.126720379856,9982.669966629857,4443.881395482853,previous_confirmed_contract_and_last_release,Q4_causal_callback
60,2025-03-02,2025-03-02,10257.728350395833,10277.866109145833,4377.224081111111,previous_confirmed_contract_and_last_release,Q4_causal_callback
61,2025-03-03,2025-03-03,7159.991549550927,7154.440844550926,4408.208154814814,previous_confirmed_contract_and_last_release,Q4_causal_callback
62,2025-03-04,2025-03-04,6328.156398310957,6318.689560347994,4419.576976388889,previous_confirmed_contract_and_last_release,Q4_causal_callback
63,2025-03-05,2025-03-05,4874.5300075,4829.0076325,4260.690163740737,previous_confirmed_contract_and_last_release,Q4_causal_callback
64,2025-03-06,2025-03-06,7325.410070793984,7300.911718710651,4299.334040092593,previous_confirmed_contract_and_last_release,Q4_causal_callback
65,2025-03-07,2025-03-07,9814.36306501179,9799.78533376179,4587.510727636297,previous_confirmed_contract_and_last_release,Q4_causal_callback
66,2025-03-08,2025-03-08,10776.50022101929,10797.57747101929,4372.363576351846,previous_confirmed_contract_and_last_release,Q4_causal_callback
67,2025-03-09,2025-03-09,10277.352251833332,10288.669751833331,4495.26206235185,previous_confirmed_contract_and_last_release,Q4_causal_callback
68,2025-03-10,2025-03-10,6708.903603050155,6708.028023050154,4625.751509834931,previous_confirmed_contract_and_last_release,Q4_causal_callback
69,2025-03-11,2025-03-11,7140.850893027782,7126.560824277783,4217.170387777778,previous_confirmed_contract_and_last_release,Q4_causal_callback
70,2025-03-12,2025-03-12,8280.61579503956,8298.975326289561,4986.282192074073,previous_confirmed_contract_and_last_release,Q4_causal_callback
71,2025-03-13,2025-03-13,6217.617323302467,6212.237618302467,4143.360636296296,previous_confirmed_contract_and_last_release,Q4_causal_callback
72,2025-03-14,2025-03-14,6260.865505668384,6260.049156918383,4172.533437962963,previous_confirmed_contract_and_last_release,Q4_causal_callback
73,2025-03-15,2025-03-15,10800.0,10800.0,4478.888298823497,previous_confirmed_contract_and_last_release,Q4_causal_callback
74,2025-03-16,2025-03-16,9917.880185934631,9876.085326166112,4230.934924277779,previous_confirmed_contract_and_last_release,Q4_causal_callback
75,2025-03-17,2025-03-17,8175.333630019259,8151.958886269259,4722.268565870368,previous_confirmed_contract_and_last_release,Q4_causal_callback
76,2025-03-18,2025-03-18,5142.584234537039,5158.182938240743,5357.280481849335,previous_confirmed_contract_and_last_release,Q4_causal_callback
77,2025-03-19,2025-03-19,9678.944125185186,9667.057345185187,4452.736570166662,previous_confirmed_contract_and_last_release,Q4_causal_callback
78,2025-03-20,2025-03-20,5612.402973342589,5630.6210620925885,4776.765977256521,previous_confirmed_contract_and_last_release,Q4_causal_callback
79,2025-03-21,2025-03-21,7161.29188624163,7180.76168374163,4360.146362685184,previous_confirmed_contract_and_last_release,Q4_causal_callback
80,2025-03-22,2025-03-22,10431.83376852778,10422.82825977778,4527.92104618267,previous_confirmed_contract_and_last_release,Q4_causal_callback
81,2025-03-23,2025-03-23,10650.626448185189,10616.652837074078,4861.207622681758,previous_confirmed_contract_and_last_release,Q4_causal_callback
82,2025-03-24,2025-03-24,6812.428197037927,6842.028375787927,4396.152220293548,previous_confirmed_contract_and_last_release,Q4_causal_callback
83,2025-03-25,2025-03-25,7536.047919680977,7524.009425930977,4362.933917431289,previous_confirmed_contract_and_last_release,Q4_causal_callback
84,2025-03-26,2025-03-26,6774.6256237222215,6769.481073722221,4042.260566111112,previous_confirmed_contract_and_last_release,Q4_causal_callback
85,2025-03-27,2025-03-27,7364.359210648149,7369.0135456481485,4566.040963074078,previous_confirmed_contract_and_last_release,Q4_causal_callback
86,2025-03-28,2025-03-28,8286.492306416672,8285.414770166673,4334.73289134385,previous_confirmed_contract_and_last_release,Q4_causal_callback
87,2025-03-29,2025-03-29,10370.992878756177,10323.035628756177,4698.887543685184,previous_confirmed_contract_and_last_release,Q4_causal_callback
88,2025-03-30,2025-03-30,10800.0,10800.0,4484.021250381485,previous_confirmed_contract_and_last_release,Q4_causal_callback
89,2025-03-31,2025-03-31,8216.216838148152,8200.95751814815,5286.91956855624,previous_confirmed_contract_and_last_release,Q4_causal_callback
90,2025-04-01,2025-04-01,6008.531107490744,6015.809501240744,4498.119026334268,previous_confirmed_contract_and_last_release,Q4_causal_callback
91,2025-04-02,2025-04-02,3791.200418179626,3785.147108179626,4461.719692500001,previous_confirmed_contract_and_last_release,Q4_causal_callback
92,2025-04-03,2025-04-03,8333.618186296297,8355.524066296297,4303.20619101852,previous_confirmed_contract_and_last_release,Q4_causal_callback
93,2025-04-04,2025-04-04,7390.473150450408,7390.473150450408,4650.1760825151705,previous_confirmed_contract_and_last_release,Q4_causal_callback
94,2025-04-05,2025-04-05,10800.0,10800.0,4833.885579351856,previous_confirmed_contract_and_last_release,Q4_causal_callback
95,2025-04-06,2025-04-06,10122.791627157409,10143.509353407408,4326.341815069093,previous_confirmed_contract_and_last_release,Q4_causal_callback
96,2025-04-07,2025-04-07,9200.20920164223,9227.33129789223,4672.343904111116,previous_confirmed_contract_and_last_release,Q4_causal_callback
97,2025-04-08,2025-04-08,6798.19628037037,6783.88291537037,4403.168892710924,previous_confirmed_contract_and_last_release,Q4_causal_callback
98,2025-04-09,2025-04-09,6928.436494854938,6905.768999484568,4285.489434166669,previous_confirmed_contract_and_last_release,Q4_causal_callback
99,2025-04-10,2025-04-10,7867.074714555366,7873.150089555366,4289.55675787037,previous_confirmed_contract_and_last_release,Q4_causal_callback
100,2025-04-11,2025-04-11,5120.776100555556,5121.521975555555,4463.947932222223,previous_confirmed_contract_and_last_release,Q4_causal_callback
101,2025-04-12,2025-04-12,10599.178848731477,10615.670204981478,4434.491440259286,previous_confirmed_contract_and_last_release,Q4_causal_callback
102,2025-04-13,2025-04-13,10565.82974613889,10556.98362738889,4948.601058222224,previous_confirmed_contract_and_last_release,Q4_causal_callback
103,2025-04-14,2025-04-14,7434.531873599737,7469.195501099737,4298.118531481481,previous_confirmed_contract_and_last_release,Q4_causal_callback
104,2025-04-15,2025-04-15,5339.048665599228,5363.7661455992275,4396.505014870368,previous_confirmed_contract_and_last_release,Q4_causal_callback
105,2025-04-16,2025-04-16,8790.766217718903,8828.731303968903,4630.617976046296,previous_confirmed_contract_and_last_release,Q4_causal_callback
106,2025-04-17,2025-04-17,5635.8318192908955,5616.416798040896,4338.114457314815,previous_confirmed_contract_and_last_release,Q4_causal_callback
107,2025-04-18,2025-04-18,7959.622743750001,7950.817275000001,4609.517228759256,previous_confirmed_contract_and_last_release,Q4_causal_callback
108,2025-04-19,2025-04-19,10623.993300132963,10626.979188882964,4918.244581388892,previous_confirmed_contract_and_last_release,Q4_causal_callback
109,2025-04-20,2025-04-20,9879.492490352772,9854.605403408328,5063.555565262016,previous_confirmed_contract_and_last_release,Q4_causal_callback
110,2025-04-21,2025-04-21,6523.961056179785,6457.888194837193,4566.552250796302,previous_confirmed_contract_and_last_release,Q4_causal_callback
111,2025-04-22,2025-04-22,6290.437486639661,6312.544940389661,4318.5625851851855,previous_confirmed_contract_and_last_release,Q4_causal_callback
112,2025-04-23,2025-04-23,8517.1288231875,8465.154100687501,4452.184185252854,previous_confirmed_contract_and_last_release,Q4_causal_callback
113,2025-04-24,2025-04-24,7798.524037037813,7800.118147037813,5120.285191517608,previous_confirmed_contract_and_last_release,Q4_causal_callback
114,2025-04-25,2025-04-25,5889.537135147201,5876.659965147202,4362.630300000001,previous_confirmed_contract_and_last_release,Q4_causal_callback
115,2025-04-26,2025-04-26,10411.796510000002,10454.106597500002,4521.055843518523,previous_confirmed_contract_and_last_release,Q4_causal_callback
116,2025-04-27,2025-04-27,10411.738728166669,10411.738728166669,4206.978860092593,previous_confirmed_contract_and_last_release,Q4_causal_callback
117,2025-04-28,2025-04-28,5304.52667992547,5269.672902147692,4287.794411296296,previous_confirmed_contract_and_last_release,Q4_causal_callback
118,2025-04-29,2025-04-29,6182.454100346255,6153.818826596254,4442.824657499999,previous_confirmed_contract_and_last_release,Q4_causal_callback
119,2025-04-30,2025-04-30,3749.9770086064814,3770.0081136064814,4875.4465636296345,previous_confirmed_contract_and_last_release,Q4_causal_callback
120,2025-05-01,2025-05-01,7938.099812407407,7874.476051203703,4785.693164877208,previous_confirmed_contract_and_last_release,Q4_causal_callback
121,2025-05-02,2025-05-02,4885.576510942129,4892.491218442129,3538.131695092593,previous_confirmed_contract_and_last_release,Q4_causal_callback
122,2025-05-03,2025-05-03,9651.153575039358,9646.402754226858,3721.3364810185194,previous_confirmed_contract_and_last_release,Q4_causal_callback
123,2025-05-04,2025-05-04,8368.32800314815,8396.35724388889,4202.629610663471,previous_confirmed_contract_and_last_release,Q4_causal_callback
124,2025-05-05,2025-05-05,6578.622226388888,6650.550596759258,3908.630701666666,previous_confirmed_contract_and_last_release,Q4_causal_callback
125,2025-05-06,2025-05-06,6890.042204814814,6907.341695555555,4152.026308425924,previous_confirmed_contract_and_last_release,Q4_causal_callback
126,2025-05-07,2025-05-07,7767.32306037037,7779.84975537037,3830.8207820370394,previous_confirmed_contract_and_last_release,Q4_causal_callback
127,2025-05-08,2025-05-08,7822.269497055557,7867.112825759261,3873.578370740741,previous_confirmed_contract_and_last_release,Q4_causal_callback
128,2025-05-09,2025-05-09,3870.1057252330297,3871.12476523303,4215.456000925926,previous_confirmed_contract_and_last_release,Q4_causal_callback
129,2025-05-10,2025-05-10,8849.449240802469,8874.15772455247,6138.7679799880725,previous_confirmed_contract_and_last_release,Q4_causal_callback
130,2025-05-11,2025-05-11,8638.198428064474,8649.224645657067,5482.732954833332,previous_confirmed_contract_and_last_release,Q4_causal_callback
131,2025-05-12,2025-05-12,2975.450166009259,2972.8775317500003,5388.52531763236,previous_confirmed_contract_and_last_release,Q4_causal_callback
132,2025-05-13,2025-05-13,4623.37568235108,4668.03161985108,5236.454466620945,previous_confirmed_contract_and_last_release,Q4_causal_callback
133,2025-05-14,2025-05-14,2834.156794558644,2898.6864519660517,5724.13249283333,previous_confirmed_contract_and_last_release,Q4_causal_callback
134,2025-05-15,2025-05-15,6359.563667454342,6417.868821204342,5145.985392870369,previous_confirmed_contract_and_last_release,Q4_causal_callback
135,2025-05-16,2025-05-16,5705.5124285871925,5710.688527337193,5783.424367255834,previous_confirmed_contract_and_last_release,Q4_causal_callback
136,2025-05-17,2025-05-17,9269.118583732252,9245.385388732251,6851.211613548693,previous_confirmed_contract_and_last_release,Q4_causal_callback
137,2025-05-18,2025-05-18,9880.64986152778,9862.56083351852,6626.364690074072,previous_confirmed_contract_and_last_release,Q4_causal_callback
138,2025-05-19,2025-05-19,3975.3660514660464,3956.3979139660464,6104.057223440783,previous_confirmed_contract_and_last_release,Q4_causal_callback
139,2025-05-20,2025-05-20,4576.426125267777,4532.7321602677775,6394.270172870367,previous_confirmed_contract_and_last_release,Q4_causal_callback
140,2025-05-21,2025-05-21,3573.190545745371,3551.104984495371,6081.496778939417,previous_confirmed_contract_and_last_release,Q4_causal_callback
141,2025-05-22,2025-05-22,4276.351136018518,4251.201558518518,4869.090267126824,previous_confirmed_contract_and_last_release,Q4_causal_callback
142,2025-05-23,2025-05-23,4615.571006196758,4618.894406196759,7017.088481506173,previous_confirmed_contract_and_last_release,Q4_causal_callback
143,2025-05-24,2025-05-24,9745.52755364352,9714.47294864352,5429.065082487042,previous_confirmed_contract_and_last_release,Q4_causal_callback
144,2025-05-25,2025-05-25,9427.985249395835,9432.783348145835,5675.939370174099,previous_confirmed_contract_and_last_release,Q4_causal_callback
145,2025-05-26,2025-05-26,4862.316511981482,4917.1265682314815,6603.713760412335,previous_confirmed_contract_and_last_release,Q4_causal_callback
146,2025-05-27,2025-05-27,4267.214474878859,4264.891961128858,4568.241843166681,previous_confirmed_contract_and_last_release,Q4_causal_callback
147,2025-05-28,2025-05-28,5032.777668888889,4988.211168888889,5875.649433696852,previous_confirmed_contract_and_last_release,Q4_causal_callback
148,2025-05-29,2025-05-29,3988.1825972746915,3981.2015185246914,6412.81254604582,previous_confirmed_contract_and_last_release,Q4_causal_callback
149,2025-05-30,2025-05-30,5018.391056087189,5053.835639837189,4834.357768703704,previous_confirmed_contract_and_last_release,Q4_causal_callback
150,2025-05-31,2025-05-31,10800.0,10800.0,4820.615001944441,previous_confirmed_contract_and_last_release,Q4_causal_callback
151,2025-06-01,2025-06-01,10800.0,10707.299074074073,5742.924273905165,previous_confirmed_contract_and_last_release,Q4_causal_callback
152,2025-06-02,2025-06-02,4160.670818437501,4148.065031400464,3356.6250050925923,previous_confirmed_contract_and_last_release,Q4_causal_callback
153,2025-06-03,2025-06-03,3654.1098655540113,3677.779925739196,3218.6120657407405,previous_confirmed_contract_and_last_release,Q4_causal_callback
154,2025-06-04,2025-06-04,4490.628235188932,4489.832878938932,4076.427971759259,previous_confirmed_contract_and_last_release,Q4_causal_callback
155,2025-06-05,2025-06-05,3905.117600151685,3889.027979781314,3838.5468007407408,previous_confirmed_contract_and_last_release,Q4_causal_callback
156,2025-06-06,2025-06-06,5018.932472640634,4988.416427640634,3579.225744722222,previous_confirmed_contract_and_last_release,Q4_causal_callback
157,2025-06-07,2025-06-07,7684.904292963265,7723.148277963265,3810.7053622222206,previous_confirmed_contract_and_last_release,Q4_causal_callback
158,2025-06-08,2025-06-08,7955.265190046286,8023.285916898139,4131.907928518519,previous_confirmed_contract_and_last_release,Q4_causal_callback
159,2025-06-09,2025-06-09,3770.9887313433683,3775.7336433804053,6211.351269247556,previous_confirmed_contract_and_last_release,Q4_causal_callback
160,2025-06-10,2025-06-10,5335.804264370367,5309.275541870367,5218.286417499991,previous_confirmed_contract_and_last_release,Q4_causal_callback
161,2025-06-11,2025-06-11,4600.388227992777,4578.527572992776,6071.790833222219,previous_confirmed_contract_and_last_release,Q4_causal_callback
162,2025-06-12,2025-06-12,5223.793856222221,5248.7618654814805,5674.653162296298,previous_confirmed_contract_and_last_release,Q4_causal_callback
163,2025-06-13,2025-06-13,3712.235975067182,3729.633796317182,5981.653038499998,previous_confirmed_contract_and_last_release,Q4_causal_callback
164,2025-06-14,2025-06-14,8804.215295037035,8781.917990037036,5711.24960944333,previous_confirmed_contract_and_last_release,Q4_causal_callback
165,2025-06-15,2025-06-15,8197.451577411895,8303.472943152636,5926.126828609046,previous_confirmed_contract_and_last_release,Q4_causal_callback
166,2025-06-16,2025-06-16,6129.547010430811,6149.929066680811,8153.99026464815,previous_confirmed_contract_and_last_release,Q4_causal_callback
167,2025-06-17,2025-06-17,5571.495130698856,5582.273485698855,8256.154769537035,previous_confirmed_contract_and_last_release,Q4_causal_callback
168,2025-06-18,2025-06-18,5272.232204764961,5293.838527264961,6470.80924780087,previous_confirmed_contract_and_last_release,Q4_causal_callback
169,2025-06-19,2025-06-19,4150.475674275461,4165.886257608795,7442.033417796297,previous_confirmed_contract_and_last_release,Q4_causal_callback
170,2025-06-20,2025-06-20,8024.991329635715,7966.884475885715,7741.654415609739,previous_confirmed_contract_and_last_release,Q4_causal_callback
171,2025-06-21,2025-06-21,10800.0,10800.0,7739.945904240743,previous_confirmed_contract_and_last_release,Q4_causal_callback
172,2025-06-22,2025-06-22,9276.072131935189,9305.537003185189,8209.585041407407,previous_confirmed_contract_and_last_release,Q4_causal_callback
173,2025-06-23,2025-06-23,5321.493745844726,5310.682210844726,7528.827377500003,previous_confirmed_contract_and_last_release,Q4_causal_callback
174,2025-06-24,2025-06-24,4331.427267917433,4323.249207732248,7627.360291203703,previous_confirmed_contract_and_last_release,Q4_causal_callback
175,2025-06-25,2025-06-25,4417.47993384594,4389.387012549643,5615.735776500001,previous_confirmed_contract_and_last_release,Q4_causal_callback
176,2025-06-26,2025-06-26,4205.07869427472,4204.7517767747195,7828.336054398723,previous_confirmed_contract_and_last_release,Q4_causal_callback
177,2025-06-27,2025-06-27,4271.811999835185,4257.270936085185,6870.584165831481,previous_confirmed_contract_and_last_release,Q4_causal_callback
178,2025-06-28,2025-06-28,10800.0,10800.0,7836.57430338889,previous_confirmed_contract_and_last_release,Q4_causal_callback
179,2025-06-29,2025-06-29,10800.0,10735.303703703705,8046.041792703708,previous_confirmed_contract_and_last_release,Q4_causal_callback
180,2025-06-30,2025-06-30,5654.873474550154,5626.684330800154,8370.583060629628,previous_confirmed_contract_and_last_release,Q4_causal_callback
181,2025-07-01,2025-07-01,5514.263302317904,5343.683426716052,7546.664870814808,previous_confirmed_contract_and_last_release,Q4_causal_callback
182,2025-07-02,2025-07-02,2923.621262657278,2922.4374964072776,4061.948072962963,previous_confirmed_contract_and_last_release,Q4_causal_callback
183,2025-07-03,2025-07-03,2496.998738559709,2520.253036059709,3704.5180837037033,previous_confirmed_contract_and_last_release,Q4_causal_callback
184,2025-07-04,2025-07-04,2920.6677490048655,2979.3008965048657,3748.6581365740735,previous_confirmed_contract_and_last_release,Q4_causal_callback
185,2025-07-05,2025-07-05,6619.885321985338,6626.291416985338,3767.333893148147,previous_confirmed_contract_and_last_release,Q4_causal_callback
186,2025-07-06,2025-07-06,6665.794607158068,6673.175162713624,3742.0253886111113,previous_confirmed_contract_and_last_release,Q4_causal_callback
187,2025-07-07,2025-07-07,1691.5830845370353,1661.2832743518502,3933.049715855555,previous_confirmed_contract_and_last_release,Q4_causal_callback
188,2025-07-08,2025-07-08,1506.118535966847,1562.7380035594397,3830.96663925926,previous_confirmed_contract_and_last_release,Q4_causal_callback
189,2025-07-09,2025-07-09,3531.6541151111064,3569.329957703699,6541.419654981483,previous_confirmed_contract_and_last_release,Q4_causal_callback
190,2025-07-10,2025-07-10,3364.5258805740746,3377.7106855740744,5893.156856656051,previous_confirmed_contract_and_last_release,Q4_causal_callback
191,2025-07-11,2025-07-11,3188.1155396823324,3250.8601984323323,5678.653550765742,previous_confirmed_contract_and_last_release,Q4_causal_callback
192,2025-07-12,2025-07-12,3103.5692309727656,3034.826897639432,5840.9353560351865,previous_confirmed_contract_and_last_release,Q4_causal_callback
193,2025-07-13,2025-07-13,3714.2430140810166,3716.1542038958314,5945.767388582225,previous_confirmed_contract_and_last_release,Q4_causal_callback
194,2025-07-14,2025-07-14,2209.9362098913593,2223.9055148913594,6309.3794441826685,previous_confirmed_contract_and_last_release,Q4_causal_callback
195,2025-07-15,2025-07-15,2647.906699948305,2741.501579577934,6257.818744759257,previous_confirmed_contract_and_last_release,Q4_causal_callback
196,2025-07-16,2025-07-16,3002.2955057749996,2999.1152582749996,9988.728102648602,previous_confirmed_contract_and_last_release,Q4_causal_callback
197,2025-07-17,2025-07-17,3488.275124330243,3518.7534930802435,7921.080740634257,previous_confirmed_contract_and_last_release,Q4_causal_callback
198,2025-07-18,2025-07-18,2791.0177092196136,2801.7327454696133,9837.267506894836,previous_confirmed_contract_and_last_release,Q4_causal_callback
199,2025-07-19,2025-07-19,3278.7508348140436,3326.0875798140432,8525.565383888888,previous_confirmed_contract_and_last_release,Q4_causal_callback
200,2025-07-20,2025-07-20,3460.597056803862,3398.1372651371958,8554.438101007225,previous_confirmed_contract_and_last_release,Q4_causal_callback
201,2025-07-21,2025-07-21,3494.9898723966016,3513.4227011466014,8997.21219168496,previous_confirmed_contract_and_last_release,Q4_causal_callback
202,2025-07-22,2025-07-22,3229.320610973509,3210.256053473509,9817.037976217653,previous_confirmed_contract_and_last_release,Q4_causal_callback
203,2025-07-23,2025-07-23,3058.9883358418206,3066.7593483418204,8344.70648566667,previous_confirmed_contract_and_last_release,Q4_causal_callback
204,2025-07-24,2025-07-24,2742.9572717399665,2689.154521739966,7537.696612959077,previous_confirmed_contract_and_last_release,Q4_causal_callback
205,2025-07-25,2025-07-25,3089.179554286268,3056.1894055362677,8016.707889563372,previous_confirmed_contract_and_last_release,Q4_causal_callback
206,2025-07-26,2025-07-26,2960.013608703703,2941.433558703703,8700.034591582145,previous_confirmed_contract_and_last_release,Q4_causal_callback
207,2025-07-27,2025-07-27,4116.583365400466,4112.036596881948,8731.812652626895,previous_confirmed_contract_and_last_release,Q4_causal_callback
208,2025-07-28,2025-07-28,2958.183081039351,2918.468878539351,8527.409355703701,previous_confirmed_contract_and_last_release,Q4_causal_callback
209,2025-07-29,2025-07-29,4576.146587013893,4598.198319513893,10497.282327511886,previous_confirmed_contract_and_last_release,Q4_causal_callback
210,2025-07-30,2025-07-30,3915.2536330484572,3901.171258048457,8441.23993761826,previous_confirmed_contract_and_last_release,Q4_causal_callback
211,2025-07-31,2025-07-31,3930.168568372685,3937.6750498541664,7987.70416190741,previous_confirmed_contract_and_last_release,Q4_causal_callback
212,2025-08-01,2025-08-01,5377.137456788982,5348.372706788981,9044.987550730675,previous_confirmed_contract_and_last_release,Q4_causal_callback
213,2025-08-02,2025-08-02,3891.842874201853,3926.302460451853,7014.970787546304,previous_confirmed_contract_and_last_release,Q4_causal_callback
214,2025-08-03,2025-08-03,4813.701093755555,4769.115445607407,7204.754172418519,previous_confirmed_contract_and_last_release,Q4_causal_callback
215,2025-08-04,2025-08-04,2689.616173842591,2691.002207592591,7247.584485638091,previous_confirmed_contract_and_last_release,Q4_causal_callback
216,2025-08-05,2025-08-05,5754.921924074996,5746.500327824996,6731.827893944444,previous_confirmed_contract_and_last_release,Q4_causal_callback
217,2025-08-06,2025-08-06,4949.618482083331,4960.633128333332,7292.746706318928,previous_confirmed_contract_and_last_release,Q4_causal_callback
218,2025-08-07,2025-08-07,3687.4487694712434,3613.2167555823544,5054.488238981481,previous_confirmed_contract_and_last_release,Q4_causal_callback
219,2025-08-08,2025-08-08,3849.584310416666,3821.428969166666,6171.757779848578,previous_confirmed_contract_and_last_release,Q4_causal_callback
220,2025-08-09,2025-08-09,6821.660165833336,6844.472338333336,6548.183326296297,previous_confirmed_contract_and_last_release,Q4_causal_callback
221,2025-08-10,2025-08-10,5467.390616155876,5499.613546711432,6335.691396863523,previous_confirmed_contract_and_last_release,Q4_causal_callback
222,2025-08-11,2025-08-11,4266.437701155554,4269.893307637036,6639.7312408335965,previous_confirmed_contract_and_last_release,Q4_causal_callback
223,2025-08-12,2025-08-12,4739.366183743515,4711.730187493515,7255.528252253699,previous_confirmed_contract_and_last_release,Q4_causal_callback
224,2025-08-13,2025-08-13,2971.687492404434,3017.8801266636933,5022.412267499998,previous_confirmed_contract_and_last_release,Q4_causal_callback
225,2025-08-14,2025-08-14,3336.8545543703754,3362.4520497407457,5029.88151,previous_confirmed_contract_and_last_release,Q4_causal_callback
226,2025-08-15,2025-08-15,2300.708738666668,2288.1142511666685,5573.452811740736,previous_confirmed_contract_and_last_release,Q4_causal_callback
227,2025-08-16,2025-08-16,3130.5974302305685,3053.7711764805686,5484.779283821899,previous_confirmed_contract_and_last_release,Q4_causal_callback
228,2025-08-17,2025-08-17,3308.0588558333293,3345.4043743518478,5198.940671925922,previous_confirmed_contract_and_last_release,Q4_causal_callback
229,2025-08-18,2025-08-18,2824.1736299309478,2791.1323574309476,5423.661813860328,previous_confirmed_contract_and_last_release,Q4_causal_callback
230,2025-08-19,2025-08-19,2645.4917933911984,2670.2377283911983,5677.164098530639,previous_confirmed_contract_and_last_release,Q4_causal_callback
231,2025-08-20,2025-08-20,2012.0688812622357,1992.7167812622356,4878.630150462964,previous_confirmed_contract_and_last_release,Q4_causal_callback
232,2025-08-21,2025-08-21,2684.495040205007,2731.284855019822,4710.339824814814,previous_confirmed_contract_and_last_release,Q4_causal_callback
233,2025-08-22,2025-08-22,2181.9231712111105,2154.1015462111104,5079.733051925925,previous_confirmed_contract_and_last_release,Q4_causal_callback
234,2025-08-23,2025-08-23,3440.5910192831807,3483.088727616514,4740.67601212963,previous_confirmed_contract_and_last_release,Q4_causal_callback
235,2025-08-24,2025-08-24,5378.242403582562,5381.912459138117,4872.724347611113,previous_confirmed_contract_and_last_release,Q4_causal_callback
236,2025-08-25,2025-08-25,3001.8439210518504,3022.441161792591,5204.931048292591,previous_confirmed_contract_and_last_release,Q4_causal_callback
237,2025-08-26,2025-08-26,2351.653872108236,2351.6428471082363,4660.599788742594,previous_confirmed_contract_and_last_release,Q4_causal_callback
238,2025-08-27,2025-08-27,2636.1874568657404,2645.6959981157406,4999.663598851849,previous_confirmed_contract_and_last_release,Q4_causal_callback
239,2025-08-28,2025-08-28,2119.9019174259297,2107.9121682592627,5065.3547501454095,previous_confirmed_contract_and_last_release,Q4_causal_callback
240,2025-08-29,2025-08-29,2346.2802043055585,2406.4858580555588,4524.095631296298,previous_confirmed_contract_and_last_release,Q4_causal_callback
241,2025-08-30,2025-08-30,5905.941830368056,5915.8128691180555,5026.633093592596,previous_confirmed_contract_and_last_release,Q4_causal_callback
242,2025-08-31,2025-08-31,5530.666605450619,5531.879503598767,4524.448005000001,previous_confirmed_contract_and_last_release,Q4_causal_callback
243,2025-09-01,2025-09-01,2660.0195855555576,2788.183312407409,5315.952841396891,previous_confirmed_contract_and_last_release,Q4_causal_callback
244,2025-09-02,2025-09-02,3269.623864796006,3275.8591697960055,8460.48079240803,previous_confirmed_contract_and_last_release,Q4_causal_callback
245,2025-09-03,2025-09-03,3728.938413087196,3758.0748855871957,8433.903964428915,previous_confirmed_contract_and_last_release,Q4_causal_callback
246,2025-09-04,2025-09-04,3794.206063534725,3870.7806397847253,9039.289682016672,previous_confirmed_contract_and_last_release,Q4_causal_callback
247,2025-09-05,2025-09-05,4123.459848199073,4067.1315181990735,8748.203650816646,previous_confirmed_contract_and_last_release,Q4_causal_callback
248,2025-09-06,2025-09-06,6308.114211884259,6252.289045634259,9204.017559999991,previous_confirmed_contract_and_last_release,Q4_causal_callback
249,2025-09-07,2025-09-07,6679.05743475849,6677.3185088325645,9272.125107407408,previous_confirmed_contract_and_last_release,Q4_causal_callback
250,2025-09-08,2025-09-08,3227.230735882561,3160.582117132561,9091.227790370373,previous_confirmed_contract_and_last_release,Q4_causal_callback
251,2025-09-09,2025-09-09,6767.813950404102,6728.626720404101,5062.52676,previous_confirmed_contract_and_last_release,Q4_causal_callback
252,2025-09-10,2025-09-10,7014.623537508416,6986.569153758416,6535.505150594447,previous_confirmed_contract_and_last_release,Q4_causal_callback
253,2025-09-11,2025-09-11,6299.712135866534,6282.699375866534,5122.368935111482,previous_confirmed_contract_and_last_release,Q4_causal_callback
254,2025-09-12,2025-09-12,6513.838546432331,6497.697968932332,6871.378742762039,previous_confirmed_contract_and_last_release,Q4_causal_callback
255,2025-09-13,2025-09-13,8712.196181869791,8724.63644311979,6646.719303358027,previous_confirmed_contract_and_last_release,Q4_causal_callback
256,2025-09-14,2025-09-14,10795.662546296297,10800.0,6895.627064259716,previous_confirmed_contract_and_last_release,Q4_causal_callback
257,2025-09-15,2025-09-15,5978.878348472226,5944.103537222226,5930.585138351859,previous_confirmed_contract_and_last_release,Q4_causal_callback
258,2025-09-16,2025-09-16,4806.473243611111,4806.620039907407,4126.378372222222,previous_confirmed_contract_and_last_release,Q4_causal_callback
259,2025-09-17,2025-09-17,3291.206002866511,3232.444336199844,3716.1289029629615,previous_confirmed_contract_and_last_release,Q4_causal_callback
260,2025-09-18,2025-09-18,6111.709687055559,6062.182162055559,3948.875705648148,previous_confirmed_contract_and_last_release,Q4_causal_callback
261,2025-09-19,2025-09-19,4609.7033175185215,4649.350953768521,4105.164259166666,previous_confirmed_contract_and_last_release,Q4_causal_callback
262,2025-09-20,2025-09-20,7351.532020738425,7362.608774488424,4238.397201111111,previous_confirmed_contract_and_last_release,Q4_causal_callback
263,2025-09-21,2025-09-21,7849.399366317902,7831.941440391976,4523.155105283513,previous_confirmed_contract_and_last_release,Q4_causal_callback
264,2025-09-22,2025-09-22,4578.915614914354,4620.070289914354,4170.506296296297,previous_confirmed_contract_and_last_release,Q4_causal_callback
265,2025-09-23,2025-09-23,3393.0537739074066,3461.4443757592585,3904.6965193518527,previous_confirmed_contract_and_last_release,Q4_causal_callback
266,2025-09-24,2025-09-24,2165.365361675356,2282.115463527208,4085.361012222223,previous_confirmed_contract_and_last_release,Q4_causal_callback
267,2025-09-25,2025-09-25,2400.01817219123,2409.4800334412303,4293.843580896623,previous_confirmed_contract_and_last_release,Q4_causal_callback
268,2025-09-26,2025-09-26,3497.681324954631,3469.3372312046304,4139.202775274582,previous_confirmed_contract_and_last_release,Q4_causal_callback
269,2025-09-27,2025-09-27,8748.783675972227,8737.419432222227,4726.075051715372,previous_confirmed_contract_and_last_release,Q4_causal_callback
270,2025-09-28,2025-09-28,8269.236773359215,8258.912523359215,4035.349361111111,previous_confirmed_contract_and_last_release,Q4_causal_callback
271,2025-09-29,2025-09-29,6377.475106014661,6322.513274949846,4383.653743399254,previous_confirmed_contract_and_last_release,Q4_causal_callback
272,2025-09-30,2025-09-30,5008.135234069923,4950.426165319923,4134.807060135392,previous_confirmed_contract_and_last_release,Q4_causal_callback
273,2025-10-01,2025-10-01,3753.076653539628,3753.417723539628,4166.743123148148,previous_confirmed_contract_and_last_release,Q4_causal_callback
274,2025-10-02,2025-10-02,4891.110956191107,4868.126233968885,6561.247547925238,previous_confirmed_contract_and_last_release,Q4_causal_callback
275,2025-10-03,2025-10-03,6350.623388290436,6352.763937040437,6894.469465555559,previous_confirmed_contract_and_last_release,Q4_causal_callback
276,2025-10-04,2025-10-04,10229.566074929542,10204.24537742954,6640.090102749696,previous_confirmed_contract_and_last_release,Q4_causal_callback
277,2025-10-05,2025-10-05,9447.504671768522,9401.667082370373,6545.350377303702,previous_confirmed_contract_and_last_release,Q4_causal_callback
278,2025-10-06,2025-10-06,4011.928392245682,4004.460345995682,6447.997552715007,previous_confirmed_contract_and_last_release,Q4_causal_callback
279,2025-10-07,2025-10-07,5124.653144444441,5133.146519444441,5538.474756699692,previous_confirmed_contract_and_last_release,Q4_causal_callback
280,2025-10-08,2025-10-08,8530.597473611278,8455.41871861128,6857.56989898111,previous_confirmed_contract_and_last_release,Q4_causal_callback
281,2025-10-09,2025-10-09,6820.356194674795,6812.347484674795,5337.574333639447,previous_confirmed_contract_and_last_release,Q4_causal_callback
282,2025-10-10,2025-10-10,6905.354303079481,6902.325398079481,5477.137740500002,previous_confirmed_contract_and_last_release,Q4_causal_callback
283,2025-10-11,2025-10-11,9289.42972103704,9276.349996287041,4954.516348282885,previous_confirmed_contract_and_last_release,Q4_causal_callback
284,2025-10-12,2025-10-12,9058.054374166673,9042.541920462969,5394.984516942847,previous_confirmed_contract_and_last_release,Q4_causal_callback
285,2025-10-13,2025-10-13,5445.106923031632,5442.989148031631,4902.921931352314,previous_confirmed_contract_and_last_release,Q4_causal_callback
286,2025-10-14,2025-10-14,6903.864935098152,6930.796951348152,5326.736689296297,previous_confirmed_contract_and_last_release,Q4_causal_callback
287,2025-10-15,2025-10-15,6218.790537863342,6204.9558526781575,4491.619887407406,previous_confirmed_contract_and_last_release,Q4_causal_callback
288,2025-10-16,2025-10-16,5742.3545381726635,5739.909477987478,4054.7622375,previous_confirmed_contract_and_last_release,Q4_causal_callback
289,2025-10-17,2025-10-17,6108.414075305557,6069.461557805556,4151.318894999999,previous_confirmed_contract_and_last_release,Q4_causal_callback
290,2025-10-18,2025-10-18,7295.30247949074,7318.6887357407395,3981.811273833336,previous_confirmed_contract_and_last_release,Q4_causal_callback
291,2025-10-19,2025-10-19,8473.637904474535,8497.038376696757,4527.369031944444,previous_confirmed_contract_and_last_release,Q4_causal_callback
292,2025-10-20,2025-10-20,5527.407363627778,5508.468733998148,4247.77551287037,previous_confirmed_contract_and_last_release,Q4_causal_callback
293,2025-10-21,2025-10-21,5852.696926289192,5799.98107443734,4045.216444492781,previous_confirmed_contract_and_last_release,Q4_causal_callback
294,2025-10-22,2025-10-22,6391.839984485644,6399.707503235644,4155.430281335935,previous_confirmed_contract_and_last_release,Q4_causal_callback
295,2025-10-23,2025-10-23,5804.442732231939,5799.249698481939,3834.869769166667,previous_confirmed_contract_and_last_release,Q4_causal_callback
296,2025-10-24,2025-10-24,6156.462498486453,6138.580998486453,4457.635984003919,previous_confirmed_contract_and_last_release,Q4_causal_callback
297,2025-10-25,2025-10-25,7453.93369927454,7463.299166774541,3990.798000277777,previous_confirmed_contract_and_last_release,Q4_causal_callback
298,2025-10-26,2025-10-26,5505.0224726289935,5515.961926332698,4154.0653139629685,previous_confirmed_contract_and_last_release,Q4_causal_callback
299,2025-10-27,2025-10-27,5828.7533766983015,5848.009385957561,4580.207247611115,previous_confirmed_contract_and_last_release,Q4_causal_callback
300,2025-10-28,2025-10-28,5998.044285674162,6003.379660674163,4191.626975185186,previous_confirmed_contract_and_last_release,Q4_causal_callback
301,2025-10-29,2025-10-29,6068.190761258099,6061.946392508099,4315.683212222224,previous_confirmed_contract_and_last_release,Q4_causal_callback
302,2025-10-30,2025-10-30,5957.882858406635,5958.670349147375,4042.248073703704,previous_confirmed_contract_and_last_release,Q4_causal_callback
303,2025-10-31,2025-10-31,5459.170925051942,5472.691066301942,4080.522447503704,previous_confirmed_contract_and_last_release,Q4_causal_callback
304,2025-11-01,2025-11-01,7826.562493639078,7805.144107157596,4537.758084537041,previous_confirmed_contract_and_last_release,Q4_causal_callback
305,2025-11-02,2025-11-02,8549.350076162502,8547.438196532872,4758.914938461821,previous_confirmed_contract_and_last_release,Q4_causal_callback
306,2025-11-03,2025-11-03,5838.410470757889,5862.748035572704,4083.5037904328856,previous_confirmed_contract_and_last_release,Q4_causal_callback
307,2025-11-04,2025-11-04,5693.879432423303,5701.874424923303,4467.501108887371,previous_confirmed_contract_and_last_release,Q4_causal_callback
308,2025-11-05,2025-11-05,5249.075767218749,5250.772390968749,4069.815099629629,previous_confirmed_contract_and_last_release,Q4_causal_callback
309,2025-11-06,2025-11-06,5565.3857845789635,5615.543423467852,4405.031374453703,previous_confirmed_contract_and_last_release,Q4_causal_callback
310,2025-11-07,2025-11-07,5247.053752249088,5289.643870999088,4203.363159445133,previous_confirmed_contract_and_last_release,Q4_causal_callback
311,2025-11-08,2025-11-08,8601.153670138889,8588.415268888888,4502.830078611113,previous_confirmed_contract_and_last_release,Q4_causal_callback
312,2025-11-09,2025-11-09,8615.744645685187,8610.335520685187,4530.885381342593,previous_confirmed_contract_and_last_release,Q4_causal_callback
313,2025-11-10,2025-11-10,7699.085998703181,7679.218719953181,4266.863525462964,previous_confirmed_contract_and_last_release,Q4_causal_callback
314,2025-11-11,2025-11-11,7817.490137711484,7849.090318961484,4218.848534999998,previous_confirmed_contract_and_last_release,Q4_causal_callback
315,2025-11-12,2025-11-12,4085.281390387981,4068.920478350944,4174.24292780667,previous_confirmed_contract_and_last_release,Q4_causal_callback
316,2025-11-13,2025-11-13,5070.395450766207,5055.506237016208,4704.094751351857,previous_confirmed_contract_and_last_release,Q4_causal_callback
317,2025-11-14,2025-11-14,4308.200560119599,4331.405215119598,4578.48221475926,previous_confirmed_contract_and_last_release,Q4_causal_callback
318,2025-11-15,2025-11-15,10046.955392141412,10049.54135839141,4564.39700172223,previous_confirmed_contract_and_last_release,Q4_causal_callback
319,2025-11-16,2025-11-16,9274.47660100077,9296.782540815584,4659.533143588705,previous_confirmed_contract_and_last_release,Q4_causal_callback
320,2025-11-17,2025-11-17,8425.708885303704,8387.788579748149,4395.949331018522,previous_confirmed_contract_and_last_release,Q4_causal_callback
321,2025-11-18,2025-11-18,7665.162297286265,7698.425299786265,4550.432068419294,previous_confirmed_contract_and_last_release,Q4_causal_callback
322,2025-11-19,2025-11-19,6543.84668707407,6585.84994633333,4594.390897509265,previous_confirmed_contract_and_last_release,Q4_causal_callback
323,2025-11-20,2025-11-20,7814.919876658334,7762.799654436112,4549.461931574073,previous_confirmed_contract_and_last_release,Q4_causal_callback
324,2025-11-21,2025-11-21,7589.270726292854,7584.787931292854,4704.481269529597,previous_confirmed_contract_and_last_release,Q4_causal_callback
325,2025-11-22,2025-11-22,9719.213872296305,9774.228262296303,4708.304191555327,previous_confirmed_contract_and_last_release,Q4_causal_callback
326,2025-11-23,2025-11-23,9894.319268435189,9909.08513417593,4427.2712742435215,previous_confirmed_contract_and_last_release,Q4_causal_callback
327,2025-11-24,2025-11-24,7940.368235371914,7947.617394121915,4219.184483950786,previous_confirmed_contract_and_last_release,Q4_causal_callback
328,2025-11-25,2025-11-25,7729.587657314818,7687.140949814819,4273.00798842592,previous_confirmed_contract_and_last_release,Q4_causal_callback
329,2025-11-26,2025-11-26,6508.296243274808,6506.609493274808,4592.429083851856,previous_confirmed_contract_and_last_release,Q4_causal_callback
330,2025-11-27,2025-11-27,4599.776969597995,4598.582332097995,4907.380117796294,previous_confirmed_contract_and_last_release,Q4_causal_callback
331,2025-11-28,2025-11-28,6777.921679276945,6796.755964276945,4349.087402777777,previous_confirmed_contract_and_last_release,Q4_causal_callback
332,2025-11-29,2025-11-29,9801.140710819136,9773.310502069136,4656.473168443534,previous_confirmed_contract_and_last_release,Q4_causal_callback
333,2025-11-30,2025-11-30,9589.266186775465,9532.140071034724,4124.285683240741,previous_confirmed_contract_and_last_release,Q4_causal_callback
334,2025-12-01,2025-12-01,7703.117668605513,7699.390652355513,4009.3377369444447,previous_confirmed_contract_and_last_release,Q4_causal_callback
335,2025-12-02,2025-12-02,4887.254100055555,4803.84774561111,4320.450569351852,previous_confirmed_contract_and_last_release,Q4_causal_callback
336,2025-12-03,2025-12-03,6399.765057092599,6407.788545842599,3899.547149351852,previous_confirmed_contract_and_last_release,Q4_causal_callback
337,2025-12-04,2025-12-04,5879.705032277777,5875.903087277777,4498.014249055588,previous_confirmed_contract_and_last_release,Q4_causal_callback
338,2025-12-05,2025-12-05,6054.594730581018,6071.428214331017,5323.78499268519,previous_confirmed_contract_and_last_release,Q4_causal_callback
339,2025-12-06,2025-12-06,9731.655453107225,9684.824920607227,4106.910369259259,previous_confirmed_contract_and_last_release,Q4_causal_callback
340,2025-12-07,2025-12-07,9180.477734722224,9178.865697685189,4112.815348981481,previous_confirmed_contract_and_last_release,Q4_causal_callback
341,2025-12-08,2025-12-08,6349.718500401237,6364.362662901237,4214.6695131481465,previous_confirmed_contract_and_last_release,Q4_causal_callback
342,2025-12-09,2025-12-09,5451.218066627319,5477.4970053773195,4961.739563462967,previous_confirmed_contract_and_last_release,Q4_causal_callback
343,2025-12-10,2025-12-10,3232.2401545077223,3241.6689895077225,4664.08391553101,previous_confirmed_contract_and_last_release,Q4_causal_callback
344,2025-12-11,2025-12-11,4624.551643564043,4617.235341064043,5164.44773855983,previous_confirmed_contract_and_last_release,Q4_causal_callback
345,2025-12-12,2025-12-12,7012.444247841049,7004.663324091049,5471.598112500007,previous_confirmed_contract_and_last_release,Q4_causal_callback
346,2025-12-13,2025-12-13,10482.84356976852,10481.81021601852,5004.958646930047,previous_confirmed_contract_and_last_release,Q4_causal_callback
347,2025-12-14,2025-12-14,10479.561206859851,10479.449382785777,4510.910159999999,previous_confirmed_contract_and_last_release,Q4_causal_callback
348,2025-12-15,2025-12-15,4144.983905613866,4129.972280613866,4704.757003840878,previous_confirmed_contract_and_last_release,Q4_causal_callback
349,2025-12-16,2025-12-16,5407.540417733112,5449.445542733111,5274.149402153864,previous_confirmed_contract_and_last_release,Q4_causal_callback
350,2025-12-17,2025-12-17,8920.560214295869,8886.248430545867,5265.736544679272,previous_confirmed_contract_and_last_release,Q4_causal_callback
351,2025-12-18,2025-12-18,5808.879386797472,5852.610886797472,5588.214757296303,previous_confirmed_contract_and_last_release,Q4_causal_callback
352,2025-12-19,2025-12-19,8017.093499783699,8012.704499783699,5190.810998811113,previous_confirmed_contract_and_last_release,Q4_causal_callback
353,2025-12-20,2025-12-20,9925.961987206792,9952.215830956791,4476.29100879241,previous_confirmed_contract_and_last_release,Q4_causal_callback
354,2025-12-21,2025-12-21,10310.545809630768,10341.704110556693,5129.964354028707,previous_confirmed_contract_and_last_release,Q4_causal_callback
355,2025-12-22,2025-12-22,7947.458637037033,7952.300164537033,4940.67943911111,previous_confirmed_contract_and_last_release,Q4_causal_callback
356,2025-12-23,2025-12-23,5010.189452175925,4987.4685059259255,4623.528638694222,previous_confirmed_contract_and_last_release,Q4_causal_callback
357,2025-12-24,2025-12-24,7096.22032851852,7090.15932388889,4895.459566943304,previous_confirmed_contract_and_last_release,Q4_causal_callback
358,2025-12-25,2025-12-25,9591.274857824075,9586.195494074076,4674.182289733333,previous_confirmed_contract_and_last_release,Q4_causal_callback
359,2025-12-26,2025-12-26,6392.298597388889,6394.202187388889,4515.3179705092325,previous_confirmed_contract_and_last_release,Q4_causal_callback
360,2025-12-27,2025-12-27,10800.0,10800.0,5054.029003934839,previous_confirmed_contract_and_last_release,Q4_causal_callback
361,2025-12-28,2025-12-28,10572.265519733077,10591.039647233076,4956.832541145433,previous_confirmed_contract_and_last_release,Q4_causal_callback
362,2025-12-29,2025-12-29,5809.037902647777,5821.633552647776,4961.804854907406,previous_confirmed_contract_and_last_release,Q4_causal_callback
363,2025-12-30,2025-12-30,5727.442379659721,5674.999004567128,5011.212664712619,previous_confirmed_contract_and_last_release,Q4_causal_callback
364,2025-12-31,2025-12-31,6285.205713611111,6303.026500648148,4920.447042506391,previous_confirmed_contract_and_last_release,Q4_causal_callback
