day_index,date,decision_time,predicted_start_soc_kwh,actual_start_soc_kwh,price_max_source_time,load_source_max,risk_history_days,q0_lp_residual_kwh
31,2025-02-01,2025-02-01,6493.453033407413,6493.453033407413,2025-01-26,2025-02-01,30,4.547473508864641e-13
32,2025-02-02,2025-02-02,10082.107324092593,10104.186574092593,2025-01-27,2025-02-02,31,9.094947017729282e-13
33,2025-02-03,2025-02-03,8230.64501907453,8251.67351907453,2025-01-28,2025-02-03,32,2.2737367544323206e-13
34,2025-02-04,2025-02-04,7811.77608251852,7816.40658251852,2025-01-29,2025-02-04,33,1.1368683772161603e-13
35,2025-02-05,2025-02-05,7678.1244941666655,7678.1244941666655,2025-01-30,2025-02-05,34,2.2737367544323206e-13
36,2025-02-06,2025-02-06,7123.3828635555565,7160.153863555557,2025-01-31,2025-02-06,35,1.1368683772161603e-13
37,2025-02-07,2025-02-07,3286.187191925927,3286.187191925927,2025-02-01,2025-02-07,36,1.1368683772161603e-13
38,2025-02-08,2025-02-08,7821.732860277934,7821.732860277934,2025-02-02,2025-02-08,37,4.547473508864641e-13
39,2025-02-09,2025-02-09,10800.0,10800.0,2025-02-03,2025-02-09,38,9.094947017729282e-13
40,2025-02-10,2025-02-10,5974.055476407407,6000.952726407407,2025-02-04,2025-02-10,39,4.547473508864641e-13
41,2025-02-11,2025-02-11,6789.431029388884,6780.456829388884,2025-02-05,2025-02-11,40,4.547473508864641e-13
42,2025-02-12,2025-02-12,4318.614455629629,4354.582205629629,2025-02-06,2025-02-12,41,9.094947017729282e-13
43,2025-02-13,2025-02-13,7236.904595,7268.146595,2025-02-07,2025-02-13,42,9.094947017729282e-13
44,2025-02-14,2025-02-14,2341.8024882148165,2341.8024882148165,2025-02-08,2025-02-14,43,4.547473508864641e-13
45,2025-02-15,2025-02-15,3579.88023512963,3571.4756055000003,2025-02-09,2025-02-15,44,1.8189894035458565e-12
46,2025-02-16,2025-02-16,10662.471696,10671.779946,2025-02-10,2025-02-16,45,9.094947017729282e-13
47,2025-02-17,2025-02-17,6388.390171814815,6416.507671814816,2025-02-11,2025-02-17,46,9.094947017729282e-13
48,2025-02-18,2025-02-18,7575.00206166729,7599.23306166729,2025-02-12,2025-02-18,47,9.094947017729282e-13
49,2025-02-19,2025-02-19,5113.943544981481,5113.943544981481,2025-02-13,2025-02-19,48,2.2737367544323206e-13
50,2025-02-20,2025-02-20,5865.132384963133,5838.349977555725,2025-02-14,2025-02-20,49,4.547473508864641e-13
51,2025-02-21,2025-02-21,2019.1378354629635,2009.4635854629635,2025-02-15,2025-02-21,50,9.094947017729282e-13
52,2025-02-22,2025-02-22,7266.699674148148,7241.018924148148,2025-02-16,2025-02-22,51,9.094947017729282e-13
53,2025-02-23,2025-02-23,10114.056654907406,10067.12887712963,2025-02-17,2025-02-23,52,9.094947017729282e-13
54,2025-02-24,2025-02-24,6398.62364612963,6397.866573907408,2025-02-18,2025-02-24,53,1.8189894035458565e-12
55,2025-02-25,2025-02-25,4450.380043760607,4470.838543760607,2025-02-19,2025-02-25,54,9.094947017729282e-13
56,2025-02-26,2025-02-26,5959.371052777787,5959.371052777787,2025-02-20,2025-02-26,55,4.547473508864641e-13
57,2025-02-27,2025-02-27,6087.0477680370195,6080.705223592575,2025-02-21,2025-02-27,56,9.094947017729282e-13
58,2025-02-28,2025-02-28,2851.2949028703706,2851.2949028703706,2025-02-22,2025-02-28,57,9.094947017729282e-13
59,2025-03-01,2025-03-01,5026.859334648155,5026.859334648155,2025-02-23,2025-03-01,58,9.094947017729282e-13
60,2025-03-02,2025-03-02,10244.626002944447,10269.853002944448,2025-02-24,2025-03-02,59,9.094947017729282e-13
61,2025-03-03,2025-03-03,6460.137823388889,6452.618173388889,2025-02-25,2025-03-03,60,9.094947017729282e-13
62,2025-03-04,2025-03-04,6030.166613037035,6021.659205629628,2025-02-26,2025-03-04,60,2.2737367544323206e-13
63,2025-03-05,2025-03-05,6401.44164242222,6376.3368924222195,2025-02-27,2025-03-05,60,9.094947017729282e-13
64,2025-03-06,2025-03-06,7321.448752496297,7298.434911755557,2025-02-28,2025-03-06,60,9.094947017729282e-13
65,2025-03-07,2025-03-07,1950.0,1922.7192,2025-03-01,2025-03-07,60,4.547473508864641e-13
66,2025-03-08,2025-03-08,5053.744072129626,5069.949322129626,2025-03-02,2025-03-08,60,9.094947017729282e-13
67,2025-03-09,2025-03-09,10247.897883722222,10268.600883722222,2025-03-03,2025-03-09,60,1.8189894035458565e-12
68,2025-03-10,2025-03-10,5799.667721370369,5799.890471370369,2025-03-04,2025-03-10,60,4.547473508864641e-13
69,2025-03-11,2025-03-11,7196.985174833335,7188.064524833335,2025-03-05,2025-03-11,60,1.1368683772161603e-13
70,2025-03-12,2025-03-12,6142.679038500022,6158.035288500022,2025-03-06,2025-03-12,60,4.547473508864641e-13
71,2025-03-13,2025-03-13,6356.6700756111095,6350.848644129628,2025-03-07,2025-03-13,60,4.547473508864641e-13
72,2025-03-14,2025-03-14,1201.98495,1205.6967,2025-03-08,2025-03-14,60,9.094947017729282e-13
73,2025-03-15,2025-03-15,5798.799532444443,5824.055032444443,2025-03-09,2025-03-15,60,9.094947017729282e-13
74,2025-03-16,2025-03-16,10055.059479,10012.177862333332,2025-03-10,2025-03-16,60,4.547473508864641e-13
75,2025-03-17,2025-03-17,7353.250234666668,7329.540334666668,2025-03-11,2025-03-17,60,9.094947017729282e-13
76,2025-03-18,2025-03-18,4671.4721513700015,4681.921151370002,2025-03-12,2025-03-18,60,4.547473508864641e-13
77,2025-03-19,2025-03-19,6100.649514982441,6086.031714982441,2025-03-13,2025-03-19,60,9.094947017729282e-13
78,2025-03-20,2025-03-20,5311.4476565592595,5311.4476565592595,2025-03-14,2025-03-20,60,1.8189894035458565e-12
79,2025-03-21,2025-03-21,1364.7309595370368,1383.072209537037,2025-03-15,2025-03-21,60,4.547473508864641e-13
80,2025-03-22,2025-03-22,4876.606644833333,4870.592620759259,2025-03-16,2025-03-22,60,1.8189894035458565e-12
81,2025-03-23,2025-03-23,10460.95086501852,10434.347209462965,2025-03-17,2025-03-23,60,4.547473508864641e-13
82,2025-03-24,2025-03-24,4273.432455518518,4286.593455518518,2025-03-18,2025-03-24,60,4.547473508864641e-13
83,2025-03-25,2025-03-25,4870.750849092592,4858.6440490925925,2025-03-19,2025-03-25,60,4.547473508864641e-13
84,2025-03-26,2025-03-26,5578.005778259259,5572.486378259259,2025-03-20,2025-03-26,60,9.094947017729282e-13
85,2025-03-27,2025-03-27,7245.738287562964,7242.704596822223,2025-03-21,2025-03-27,60,4.547473508864641e-13
86,2025-03-28,2025-03-28,1998.751254,1994.997954,2025-03-22,2025-03-28,60,4.547473508864641e-13
87,2025-03-29,2025-03-29,4287.119271111111,4246.830802592593,2025-03-23,2025-03-29,60,4.547473508864641e-13
88,2025-03-30,2025-03-30,10214.200746,10214.200746,2025-03-24,2025-03-30,60,1.1368683772161603e-13
89,2025-03-31,2025-03-31,5154.526777729632,5147.917433285187,2025-03-25,2025-03-31,60,1.8189894035458565e-12
90,2025-04-01,2025-04-01,5836.2507795,5847.954529500001,2025-03-26,2025-04-01,60,4.547473508864641e-13
91,2025-04-02,2025-04-02,2977.6712605015923,2971.0202493904812,2025-03-27,2025-04-02,60,9.094947017729282e-13
92,2025-04-03,2025-04-03,7554.116463333321,7554.116463333321,2025-03-28,2025-04-03,60,1.8189894035458565e-12
93,2025-04-04,2025-04-04,1950.0,1950.0,2025-03-29,2025-04-04,60,4.547473508864641e-13
94,2025-04-05,2025-04-05,4748.464700277778,4755.574700277778,2025-03-30,2025-04-05,60,9.094947017729282e-13
95,2025-04-06,2025-04-06,10127.531069999997,10149.532319999998,2025-03-31,2025-04-06,60,2.2737367544323206e-13
96,2025-04-07,2025-04-07,7237.113831685187,7270.023081685187,2025-04-01,2025-04-07,60,7.275957614183426e-12
97,2025-04-08,2025-04-08,4986.502030500002,4980.722315685186,2025-04-02,2025-04-08,60,1.1368683772161603e-13
98,2025-04-09,2025-04-09,7136.903290629631,7111.824501740742,2025-04-03,2025-04-09,60,9.094947017729282e-13
99,2025-04-10,2025-04-10,7146.370423203704,7146.370423203704,2025-04-04,2025-04-10,60,9.094947017729282e-13
100,2025-04-11,2025-04-11,1437.824275981482,1437.0592759814822,2025-04-05,2025-04-11,60,4.547473508864641e-13
101,2025-04-12,2025-04-12,4979.750354962964,4984.911854962964,2025-04-06,2025-04-12,60,4.547473508864641e-13
102,2025-04-13,2025-04-13,10396.675919907404,10385.052403240737,2025-04-07,2025-04-13,60,9.094947017729282e-13
103,2025-04-14,2025-04-14,5016.901800796296,5016.901800796296,2025-04-08,2025-04-14,60,9.094947017729282e-13
104,2025-04-15,2025-04-15,4981.841283296297,4995.744033296297,2025-04-09,2025-04-15,60,9.094947017729282e-13
105,2025-04-16,2025-04-16,5772.619991796297,5806.036991796297,2025-04-10,2025-04-16,60,9.094947017729282e-13
106,2025-04-17,2025-04-17,4221.8671439629625,4211.129243962962,2025-04-11,2025-04-17,60,9.094947017729282e-13
107,2025-04-18,2025-04-18,2264.3320407777774,2263.1194407777775,2025-04-12,2025-04-18,60,9.094947017729282e-13
108,2025-04-19,2025-04-19,3260.5394636850233,3276.219713685023,2025-04-13,2025-04-19,60,9.094947017729282e-13
109,2025-04-20,2025-04-20,9699.19134359259,9689.212839888887,2025-04-14,2025-04-20,60,4.547473508864641e-13
110,2025-04-21,2025-04-21,5986.0500566370365,5925.565997377777,2025-04-15,2025-04-21,60,1.1368683772161603e-13
111,2025-04-22,2025-04-22,4158.58723537037,4176.09748537037,2025-04-16,2025-04-22,60,9.094947017729282e-13
112,2025-04-23,2025-04-23,8719.179769499999,8684.6305695,2025-04-17,2025-04-23,60,9.094947017729282e-13
113,2025-04-24,2025-04-24,5291.38239147037,5281.178887766666,2025-04-18,2025-04-24,60,1.8189894035458565e-12
114,2025-04-25,2025-04-25,2083.144922170366,2066.854472170366,2025-04-19,2025-04-25,60,4.547473508864641e-13
115,2025-04-26,2025-04-26,5964.9866160555375,5994.576366055538,2025-04-20,2025-04-26,60,4.547473508864641e-13
116,2025-04-27,2025-04-27,10123.6077735,10123.6077735,2025-04-21,2025-04-27,60,1.8189894035458565e-12
117,2025-04-28,2025-04-28,2900.3714594814837,2854.8773261481506,2025-04-22,2025-04-28,60,9.094947017729282e-13
118,2025-04-29,2025-04-29,5124.145430277778,5107.875230277778,2025-04-23,2025-04-29,60,9.094947017729282e-13
119,2025-04-30,2025-04-30,4425.821734851852,4425.821734851852,2025-04-24,2025-04-30,60,4.547473508864641e-13
120,2025-05-01,2025-05-01,6602.881811592592,6542.611372703704,2025-04-25,2025-05-01,60,9.094947017729282e-13
121,2025-05-02,2025-05-02,1950.0,1932.0212999999999,2025-04-26,2025-05-02,60,9.094947017729282e-13
122,2025-05-03,2025-05-03,3812.9950193518403,3767.92901935184,2025-04-27,2025-05-03,60,1.8189894035458565e-12
123,2025-05-04,2025-05-04,9178.266410074073,9144.925586,2025-04-28,2025-05-04,60,1.8189894035458565e-12
124,2025-05-05,2025-05-05,6693.71445512963,6711.332705129629,2025-04-29,2025-05-05,60,7.275957614183426e-12
125,2025-05-06,2025-05-06,3138.563479648149,3119.56247038889,2025-04-30,2025-05-06,60,9.094947017729282e-13
126,2025-05-07,2025-05-07,5775.703003888889,5754.035803888889,2025-05-01,2025-05-07,60,1.8189894035458565e-12
127,2025-05-08,2025-05-08,6710.347953555555,6693.532144296296,2025-05-02,2025-05-08,60,9.094947017729282e-13
128,2025-05-09,2025-05-09,1950.0,1930.65975,2025-05-03,2025-05-09,60,2.2737367544323206e-13
129,2025-05-10,2025-05-10,2994.224506055519,3018.3902560555193,2025-05-04,2025-05-10,60,2.2737367544323206e-13
130,2025-05-11,2025-05-11,9918.157528499998,9911.1592785,2025-05-05,2025-05-11,60,1.8189894035458565e-12
131,2025-05-12,2025-05-12,2531.655364462963,2503.5897755740743,2025-05-06,2025-05-12,60,4.547473508864641e-13
132,2025-05-13,2025-05-13,4371.425497499775,4389.275497499774,2025-05-07,2025-05-13,60,9.094947017729282e-13
133,2025-05-14,2025-05-14,4320.464921203705,4340.5394212037045,2025-05-08,2025-05-14,60,9.094947017729282e-13
134,2025-05-15,2025-05-15,4809.332484777778,4831.239234777778,2025-05-09,2025-05-15,60,1.8189894035458565e-12
135,2025-05-16,2025-05-16,1567.9082402037038,1567.0172402037038,2025-05-10,2025-05-16,60,2.2737367544323206e-13
136,2025-05-17,2025-05-17,2943.99641562941,2936.54006562941,2025-05-11,2025-05-17,60,9.094947017729282e-13
137,2025-05-18,2025-05-18,9547.762992,9531.772358666667,2025-05-12,2025-05-18,60,9.094947017729282e-13
138,2025-05-19,2025-05-19,3848.878037118516,3845.911037118516,2025-05-13,2025-05-19,60,9.094947017729282e-13
139,2025-05-20,2025-05-20,3085.2718852333364,3044.1931241222255,2025-05-14,2025-05-20,60,4.547473508864641e-13
140,2025-05-21,2025-05-21,3640.7311097962966,3639.2596097962964,2025-05-15,2025-05-21,60,9.094947017729282e-13
141,2025-05-22,2025-05-22,3431.154201444445,3435.162951444445,2025-05-16,2025-05-22,60,4.547473508864641e-13
142,2025-05-23,2025-05-23,1763.2876976481482,1781.6964476481483,2025-05-17,2025-05-23,60,1.8189894035458565e-12
143,2025-05-24,2025-05-24,2450.027287629629,2431.047600592592,2025-05-18,2025-05-24,60,2.2737367544323206e-13
144,2025-05-25,2025-05-25,9936.431497740741,9967.165747740743,2025-05-19,2025-05-25,60,1.8189894035458565e-12
145,2025-05-26,2025-05-26,2426.098663525924,2486.2554135259243,2025-05-20,2025-05-26,60,9.094947017729282e-13
146,2025-05-27,2025-05-27,2999.65346253728,3003.36221253728,2025-05-21,2025-05-27,60,9.094947017729282e-13
147,2025-05-28,2025-05-28,3092.051352240874,3084.8942522408743,2025-05-22,2025-05-28,60,1.8189894035458565e-12
148,2025-05-29,2025-05-29,3135.734771203704,3130.316021203704,2025-05-23,2025-05-29,60,1.1368683772161603e-13
149,2025-05-30,2025-05-30,1534.3356367592592,1556.2573867592591,2025-05-24,2025-05-30,60,9.094947017729282e-13
150,2025-05-31,2025-05-31,3835.141134666666,3850.623384666666,2025-05-25,2025-05-31,60,1.8189894035458565e-12
151,2025-06-01,2025-06-01,10714.693464425922,10588.989703314812,2025-05-26,2025-06-01,60,9.094947017729282e-13
152,2025-06-02,2025-06-02,3919.1889151111113,3803.984228074074,2025-05-27,2025-06-02,60,1.1368683772161603e-13
153,2025-06-03,2025-06-03,2978.169142314814,2896.9473626851845,2025-05-28,2025-06-03,60,4.547473508864641e-13
154,2025-06-04,2025-06-04,2636.7837158518514,2541.3162158518517,2025-05-29,2025-06-04,60,1.1368683772161603e-13
155,2025-06-05,2025-06-05,1961.8565314206712,1862.148672161412,2025-05-30,2025-06-05,60,2.2737367544323206e-13
156,2025-06-06,2025-06-06,1214.4675,1200.0,2025-05-31,2025-06-06,60,9.094947017729282e-13
157,2025-06-07,2025-06-07,1214.91645,1200.0,2025-06-01,2025-06-07,60,9.094947017729282e-13
158,2025-06-08,2025-06-08,8670.480214462963,8597.165399648147,2025-06-02,2025-06-08,60,2.2737367544323206e-13
159,2025-06-09,2025-06-09,1215.6753,1200.0,2025-06-03,2025-06-09,60,2.2737367544323206e-13
160,2025-06-10,2025-06-10,2421.0008850740733,2364.241935074073,2025-06-04,2025-06-10,60,4.547473508864641e-13
161,2025-06-11,2025-06-11,2451.040247944444,2386.5281646111107,2025-06-05,2025-06-11,60,4.547473508864641e-13
162,2025-06-12,2025-06-12,1216.71735,1200.0,2025-06-06,2025-06-12,60,2.2737367544323206e-13
163,2025-06-13,2025-06-13,1219.01085,1212.4423499999998,2025-06-07,2025-06-13,60,4.547473508864641e-13
164,2025-06-14,2025-06-14,1237.7831339999998,1200.0,2025-06-08,2025-06-14,60,4.547473508864641e-13
165,2025-06-15,2025-06-15,7206.822040481512,7244.895040481512,2025-06-09,2025-06-15,60,2.2737367544323206e-13
166,2025-06-16,2025-06-16,3347.404717214816,3360.1734672148164,2025-06-10,2025-06-16,60,2.2737367544323206e-13
167,2025-06-17,2025-06-17,4666.319863214816,4697.648113214816,2025-06-11,2025-06-17,60,4.547473508864641e-13
168,2025-06-18,2025-06-18,1612.5500380740737,1643.8512880740736,2025-06-12,2025-06-18,60,4.547473508864641e-13
169,2025-06-19,2025-06-19,3999.379555192593,4005.5123051925934,2025-06-13,2025-06-19,60,2.2737367544323206e-13
170,2025-06-20,2025-06-20,2569.20178694074,2509.6566721259255,2025-06-14,2025-06-20,60,4.547473508864641e-13
171,2025-06-21,2025-06-21,2696.49415387037,2663.306446462963,2025-06-15,2025-06-21,60,9.094947017729282e-13
172,2025-06-22,2025-06-22,8885.104212074073,8947.533462074072,2025-06-16,2025-06-22,60,2.2737367544323206e-13
173,2025-06-23,2025-06-23,3280.244870625925,3301.433870625925,2025-06-17,2025-06-23,60,4.547473508864641e-13
174,2025-06-24,2025-06-24,3121.180011774074,3135.271761774074,2025-06-18,2025-06-24,60,2.2737367544323206e-13
175,2025-06-25,2025-06-25,3391.3309229074075,3375.9319229074076,2025-06-19,2025-06-25,60,4.547473508864641e-13
176,2025-06-26,2025-06-26,3133.23466457037,3151.5819145703704,2025-06-20,2025-06-26,60,4.547473508864641e-13
177,2025-06-27,2025-06-27,2256.4140627703714,2261.6055627703718,2025-06-21,2025-06-27,60,9.094947017729282e-13
178,2025-06-28,2025-06-28,2770.845666418519,2804.1906664185194,2025-06-22,2025-06-28,60,9.094947017729282e-13
179,2025-06-29,2025-06-29,9937.573789266666,9873.710528155556,2025-06-23,2025-06-29,60,2.2737367544323206e-13
180,2025-06-30,2025-06-30,2559.203611974074,2561.050861974074,2025-06-24,2025-06-30,60,9.094947017729282e-13
181,2025-07-01,2025-07-01,3062.0859578037025,2895.84228558148,2025-06-25,2025-07-01,60,4.547473508864641e-13
182,2025-07-02,2025-07-02,1216.71735,1200.0,2025-06-26,2025-07-02,60,4.547473508864641e-13
183,2025-07-03,2025-07-03,2368.4689279074064,2257.1041704999993,2025-06-27,2025-07-03,60,2.2737367544323206e-13
184,2025-07-04,2025-07-04,1216.71735,1200.0,2025-06-28,2025-07-04,60,1.8189894035458565e-12
185,2025-07-05,2025-07-05,1950.0,1865.7051000000001,2025-06-29,2025-07-05,60,2.2737367544323206e-13
186,2025-07-06,2025-07-06,7250.143244999999,7116.10790611111,2025-06-30,2025-07-06,60,9.094947017729282e-13
187,2025-07-07,2025-07-07,2600.6820060000005,2449.7391189629634,2025-07-01,2025-07-07,60,2.2737367544323206e-13
188,2025-07-08,2025-07-08,5503.1491413518515,5449.024772833333,2025-07-02,2025-07-08,60,2.2737367544323206e-13
189,2025-07-09,2025-07-09,3951.700755277777,3931.3345052777768,2025-07-03,2025-07-09,60,2.2737367544323206e-13
190,2025-07-10,2025-07-10,1228.08015,1204.9284,2025-07-04,2025-07-10,60,9.094947017729282e-13
191,2025-07-11,2025-07-11,1279.8084570000003,1277.1294570000002,2025-07-05,2025-07-11,60,9.094947017729282e-13
192,2025-07-12,2025-07-12,2634.798062944443,2526.6773573888872,2025-07-06,2025-07-12,60,1.8189894035458565e-12
193,2025-07-13,2025-07-13,8412.454138037036,8386.432138037037,2025-07-07,2025-07-13,60,4.547473508864641e-13
194,2025-07-14,2025-07-14,1950.0,1949.5538999999999,2025-07-08,2025-07-14,60,2.2737367544323206e-13
195,2025-07-15,2025-07-15,1284.7400309999998,1297.4232809999999,2025-07-09,2025-07-15,60,2.2737367544323206e-13
196,2025-07-16,2025-07-16,2979.489048581484,3012.036048581484,2025-07-10,2025-07-16,60,2.2737367544323206e-13
197,2025-07-17,2025-07-17,3447.73837434074,3447.73837434074,2025-07-11,2025-07-17,60,2.2737367544323206e-13
198,2025-07-18,2025-07-18,2647.949669692592,2668.9391696925923,2025-07-12,2025-07-18,60,9.094947017729282e-13
199,2025-07-19,2025-07-19,2969.9906008962985,3032.7933508962983,2025-07-13,2025-07-19,60,7.275957614183426e-12
200,2025-07-20,2025-07-20,7152.127569648439,7111.685615944736,2025-07-14,2025-07-20,60,4.547473508864641e-13
201,2025-07-21,2025-07-21,4431.19792078469,4451.81167078469,2025-07-15,2025-07-21,60,2.2737367544323206e-13
202,2025-07-22,2025-07-22,3695.236080488888,3695.236080488888,2025-07-16,2025-07-22,60,4.547473508864641e-13
203,2025-07-23,2025-07-23,4007.6681888037024,4017.3784388037025,2025-07-17,2025-07-23,60,2.2737367544323206e-13
204,2025-07-24,2025-07-24,2639.403891933334,2608.246641933334,2025-07-18,2025-07-24,60,4.547473508864641e-13
205,2025-07-25,2025-07-25,3124.130705137041,3108.408455137041,2025-07-19,2025-07-25,60,2.2737367544323206e-13
206,2025-07-26,2025-07-26,2938.381327462963,2937.820327462963,2025-07-20,2025-07-26,60,9.094947017729282e-13
207,2025-07-27,2025-07-27,9636.52122885926,9649.103636266667,2025-07-21,2025-07-27,60,2.2737367544323206e-13
208,2025-07-28,2025-07-28,3631.681366451852,3611.7988664518525,2025-07-22,2025-07-28,60,2.2737367544323206e-13
209,2025-07-29,2025-07-29,1822.365954488889,1848.0002044888888,2025-07-23,2025-07-29,60,2.2737367544323206e-13
210,2025-07-30,2025-07-30,2562.901608822224,2556.491358822224,2025-07-24,2025-07-30,60,2.2737367544323206e-13
211,2025-07-31,2025-07-31,4439.100237877778,4455.882237877779,2025-07-25,2025-07-31,60,4.547473508864641e-13
212,2025-08-01,2025-08-01,2803.8705544518543,2788.2780544518546,2025-07-26,2025-08-01,60,4.547473508864641e-13
213,2025-08-02,2025-08-02,2937.7840673222227,2960.389817322223,2025-07-27,2025-08-02,60,9.094947017729282e-13
214,2025-08-03,2025-08-03,9317.60938527778,9296.96488527778,2025-07-28,2025-08-03,60,2.2737367544323206e-13
215,2025-08-04,2025-08-04,1973.382761814813,1986.876011814813,2025-07-29,2025-08-04,60,2.2737367544323206e-13
216,2025-08-05,2025-08-05,2461.8017797518523,2430.5722704925934,2025-07-30,2025-08-05,60,1.8189894035458565e-12
217,2025-08-06,2025-08-06,3837.5071938777796,3854.7541938777795,2025-07-31,2025-08-06,60,2.2737367544323206e-13
218,2025-08-07,2025-08-07,1667.3053294037038,1608.662016440741,2025-08-01,2025-08-07,60,2.2737367544323206e-13
219,2025-08-08,2025-08-08,2117.26618051852,2119.31893051852,2025-08-02,2025-08-08,60,9.094947017729282e-13
220,2025-08-09,2025-08-09,2395.8200038888904,2424.0567538888904,2025-08-03,2025-08-09,60,9.094947017729282e-13
221,2025-08-10,2025-08-10,7772.262105885187,7806.800994774076,2025-08-04,2025-08-10,60,9.094947017729282e-13
222,2025-08-11,2025-08-11,3767.690898896463,3771.5653988964627,2025-08-05,2025-08-11,60,9.094947017729282e-13
223,2025-08-12,2025-08-12,2610.836086837038,2622.303586837038,2025-08-06,2025-08-12,60,9.094947017729282e-13
224,2025-08-13,2025-08-13,2444.4720345000005,2475.1200345,2025-08-07,2025-08-13,60,9.094947017729282e-13
225,2025-08-14,2025-08-14,2079.149153,2105.0384029999996,2025-08-08,2025-08-14,60,2.2737367544323206e-13
226,2025-08-15,2025-08-15,1827.8766896111126,1822.5149396111126,2025-08-09,2025-08-15,60,1.8189894035458565e-12
227,2025-08-16,2025-08-16,2670.1614231481485,2615.555578703704,2025-08-10,2025-08-16,60,9.094947017729282e-13
228,2025-08-17,2025-08-17,7485.423570018524,7540.104570018523,2025-08-11,2025-08-17,60,4.547473508864641e-13
229,2025-08-18,2025-08-18,2151.296421500001,2118.894799277779,2025-08-12,2025-08-18,60,9.094947017729282e-13
230,2025-08-19,2025-08-19,2850.7862438000006,2850.7862438000006,2025-08-13,2025-08-19,60,9.094947017729282e-13
231,2025-08-20,2025-08-20,2532.6522243703707,2539.9894743703708,2025-08-14,2025-08-20,60,1.8189894035458565e-12
232,2025-08-21,2025-08-21,2373.889900648148,2386.6526506481478,2025-08-15,2025-08-21,60,9.094947017729282e-13
233,2025-08-22,2025-08-22,1848.763705544445,1835.675455544445,2025-08-16,2025-08-22,60,9.094947017729282e-13
234,2025-08-23,2025-08-23,1431.975342,1466.400342,2025-08-17,2025-08-23,60,2.2737367544323206e-13
235,2025-08-24,2025-08-24,8284.588019555556,8294.394269555556,2025-08-18,2025-08-24,60,4.547473508864641e-13
236,2025-08-25,2025-08-25,3397.4866890301564,3429.0481890301567,2025-08-19,2025-08-25,60,9.094947017729282e-13
237,2025-08-26,2025-08-26,3140.2434852777774,3157.4949852777777,2025-08-20,2025-08-26,60,1.8189894035458565e-12
238,2025-08-27,2025-08-27,2215.3609578111177,2223.412957811118,2025-08-21,2025-08-27,60,4.547473508864641e-13
239,2025-08-28,2025-08-28,1824.6383713000007,1841.0866213000008,2025-08-22,2025-08-28,60,2.2737367544323206e-13
240,2025-08-29,2025-08-29,1550.2955225888893,1619.4185225888893,2025-08-23,2025-08-29,60,9.094947017729282e-13
241,2025-08-30,2025-08-30,1906.522504462967,1939.0462544629668,2025-08-24,2025-08-30,60,9.094947017729282e-13
242,2025-08-31,2025-08-31,10444.63807212963,10439.549322129631,2025-08-25,2025-08-31,60,9.094947017729282e-13
243,2025-09-01,2025-09-01,4221.206381259259,4358.688881259259,2025-08-26,2025-09-01,60,2.2737367544323206e-13
244,2025-09-02,2025-09-02,5617.780649277777,5762.961149277778,2025-08-27,2025-09-02,60,9.094947017729282e-13
245,2025-09-03,2025-09-03,5502.200083518519,5644.142833518519,2025-08-28,2025-09-03,60,9.094947017729282e-13
246,2025-09-04,2025-09-04,5864.037918662963,6050.571168662964,2025-08-29,2025-09-04,60,9.094947017729282e-13
247,2025-09-05,2025-09-05,5349.1879092814825,5412.046159281483,2025-08-30,2025-09-05,60,4.547473508864641e-13
248,2025-09-06,2025-09-06,5228.443869592592,5306.233119592592,2025-08-31,2025-09-06,60,9.094947017729282e-13
249,2025-09-07,2025-09-07,10449.999999999989,10595.311111111101,2025-09-01,2025-09-07,60,2.2737367544323206e-13
250,2025-09-08,2025-09-08,5278.117759185186,5335.8805091851855,2025-09-02,2025-09-08,60,2.2737367544323206e-13
251,2025-09-09,2025-09-09,5228.880432,5225.794932,2025-09-03,2025-09-09,60,9.094947017729282e-13
252,2025-09-10,2025-09-10,6324.221061385187,6324.221061385187,2025-09-04,2025-09-10,60,4.547473508864641e-13
253,2025-09-11,2025-09-11,3226.8767625,3226.8767625,2025-09-05,2025-09-11,60,4.547473508864641e-13
254,2025-09-12,2025-09-12,3630.507364522224,3682.1576145222243,2025-09-06,2025-09-12,60,9.094947017729282e-13
255,2025-09-13,2025-09-13,3835.053604185186,3924.260854185186,2025-09-07,2025-09-13,60,4.547473508864641e-13
256,2025-09-14,2025-09-14,10800.0,10800.0,2025-09-08,2025-09-14,60,4.547473508864641e-13
257,2025-09-15,2025-09-15,4930.525064725922,4930.525064725922,2025-09-09,2025-09-15,60,9.094947017729282e-13
258,2025-09-16,2025-09-16,4372.923948148147,4397.769198148148,2025-09-10,2025-09-16,60,9.094947017729282e-13
259,2025-09-17,2025-09-17,3424.7675146296297,3357.4489961111112,2025-09-11,2025-09-17,60,9.094947017729282e-13
260,2025-09-18,2025-09-18,4939.228441574074,4897.663441574074,2025-09-12,2025-09-18,60,4.547473508864641e-13
261,2025-09-19,2025-09-19,1275.1682122222212,1322.4714622222211,2025-09-13,2025-09-19,60,4.547473508864641e-13
262,2025-09-20,2025-09-20,3583.694239814814,3583.694239814814,2025-09-14,2025-09-20,60,4.547473508864641e-13
263,2025-09-21,2025-09-21,9737.17561212963,9729.103389907406,2025-09-15,2025-09-21,60,4.547473508864641e-13
264,2025-09-22,2025-09-22,4531.533165648145,4531.533165648145,2025-09-16,2025-09-22,60,1.8189894035458565e-12
265,2025-09-23,2025-09-23,2672.6423002777783,2730.3623002777786,2025-09-17,2025-09-23,60,4.547473508864641e-13
266,2025-09-24,2025-09-24,1408.232015092593,1511.120765092593,2025-09-18,2025-09-24,60,4.547473508864641e-13
267,2025-09-25,2025-09-25,3046.7017345735935,3046.7017345735935,2025-09-19,2025-09-25,60,2.2737367544323206e-13
268,2025-09-26,2025-09-26,1200.0,1200.0,2025-09-20,2025-09-26,60,1.8189894035458565e-12
269,2025-09-27,2025-09-27,3139.7547729259286,3138.4825507037062,2025-09-21,2025-09-27,60,9.094947017729282e-13
270,2025-09-28,2025-09-28,9982.607932500001,9974.779228796297,2025-09-22,2025-09-28,60,4.547473508864641e-13
271,2025-09-29,2025-09-29,6491.7138737592595,6449.826836722223,2025-09-23,2025-09-29,60,4.547473508864641e-13
272,2025-09-30,2025-09-30,4306.813679166667,4241.928179166666,2025-09-24,2025-09-30,60,4.547473508864641e-13
273,2025-10-01,2025-10-01,3020.774516814386,3041.015516814386,2025-09-25,2025-10-01,60,7.275957614183426e-12
274,2025-10-02,2025-10-02,5091.9740334074095,5119.757783407409,2025-09-26,2025-10-02,60,4.547473508864641e-13
275,2025-10-03,2025-10-03,3790.2644319259307,3831.686931925931,2025-09-27,2025-10-03,60,9.094947017729282e-13
276,2025-10-04,2025-10-04,5082.864201629708,5101.842951629708,2025-09-28,2025-10-04,60,4.547473508864641e-13
277,2025-10-05,2025-10-05,10800.0,10800.0,2025-09-29,2025-10-05,60,4.547473508864641e-13
278,2025-10-06,2025-10-06,4139.306442999998,4176.415692999997,2025-09-30,2025-10-06,60,4.547473508864641e-13
279,2025-10-07,2025-10-07,3568.37004,3626.58204,2025-10-01,2025-10-07,60,4.547473508864641e-13
280,2025-10-08,2025-10-08,6477.701113184531,6448.910863184531,2025-10-02,2025-10-08,60,4.547473508864641e-13
281,2025-10-09,2025-10-09,5897.638793259262,5919.235043259261,2025-10-03,2025-10-09,60,1.1368683772161603e-13
282,2025-10-10,2025-10-10,2288.947251907407,2299.8770019074072,2025-10-04,2025-10-10,60,9.094947017729282e-13
283,2025-10-11,2025-10-11,4988.755016666669,4958.119016666669,2025-10-05,2025-10-11,60,1.8189894035458565e-12
284,2025-10-12,2025-10-12,10800.0,10800.0,2025-10-06,2025-10-12,60,9.094947017729282e-13
285,2025-10-13,2025-10-13,6966.421982466679,6966.421982466679,2025-10-07,2025-10-13,60,9.094947017729282e-13
286,2025-10-14,2025-10-14,6631.136780092592,6682.4165300925915,2025-10-08,2025-10-14,60,9.094947017729282e-13
287,2025-10-15,2025-10-15,6239.84260601853,6246.519106018531,2025-10-09,2025-10-15,60,7.275957614183426e-12
288,2025-10-16,2025-10-16,7170.870437685185,7179.889937685185,2025-10-10,2025-10-16,60,2.2737367544323206e-13
289,2025-10-17,2025-10-17,1379.5442407407406,1337.8840555555555,2025-10-11,2025-10-17,60,4.547473508864641e-13
290,2025-10-18,2025-10-18,4400.200765648147,4429.772515648147,2025-10-12,2025-10-18,60,9.094947017729282e-13
291,2025-10-19,2025-10-19,9098.813518066785,9106.534768066786,2025-10-13,2025-10-19,60,4.547473508864641e-13
292,2025-10-20,2025-10-20,5710.457197222222,5693.320160185185,2025-10-14,2025-10-20,60,9.094947017729282e-13
293,2025-10-21,2025-10-21,7887.872294629629,7836.889887222222,2025-10-15,2025-10-21,60,7.275957614183426e-12
294,2025-10-22,2025-10-22,7121.134044629631,7121.134044629631,2025-10-16,2025-10-22,60,2.2737367544323206e-13
295,2025-10-23,2025-10-23,6349.682850925926,6341.452350925926,2025-10-17,2025-10-23,60,4.547473508864641e-13
296,2025-10-24,2025-10-24,1278.6535085370374,1257.1099900185188,2025-10-18,2025-10-24,60,9.094947017729282e-13
297,2025-10-25,2025-10-25,2739.4723025000003,2746.9918025,2025-10-19,2025-10-25,60,9.094947017729282e-13
298,2025-10-26,2025-10-26,9332.396077500001,9342.953827500001,2025-10-20,2025-10-26,60,4.547473508864641e-13
299,2025-10-27,2025-10-27,4582.59772274767,4594.792722747669,2025-10-21,2025-10-27,60,9.094947017729282e-13
300,2025-10-28,2025-10-28,5947.629646574022,5951.333146574022,2025-10-22,2025-10-28,60,9.094947017729282e-13
301,2025-10-29,2025-10-29,7302.661013518518,7289.703263518519,2025-10-23,2025-10-29,60,4.547473508864641e-13
302,2025-10-30,2025-10-30,6432.575763796297,6424.969282314815,2025-10-24,2025-10-30,60,1.8189894035458565e-12
303,2025-10-31,2025-10-31,1200.0,1211.00475,2025-10-25,2025-10-31,60,9.094947017729282e-13
304,2025-11-01,2025-11-01,7209.0648762037035,7200.786172499999,2025-10-26,2025-11-01,60,4.547473508864641e-13
305,2025-11-02,2025-11-02,10230.04209425186,10220.345797955562,2025-10-27,2025-11-02,60,4.547473508864641e-13
306,2025-11-03,2025-11-03,5983.008197129355,6014.010197129355,2025-10-28,2025-11-03,60,9.094947017729282e-13
307,2025-11-04,2025-11-04,5015.847612777778,5016.538362777777,2025-10-29,2025-11-04,60,4.547473508864641e-13
308,2025-11-05,2025-11-05,4469.701068054991,4468.172364351287,2025-10-30,2025-11-05,60,2.2737367544323206e-13
309,2025-11-06,2025-11-06,7153.553304851853,7196.491554851853,2025-10-31,2025-11-06,60,2.2737367544323206e-13
310,2025-11-07,2025-11-07,1207.6761824999999,1248.2654324999999,2025-11-01,2025-11-07,60,9.094947017729282e-13
311,2025-11-08,2025-11-08,4452.953194259123,4429.975444259123,2025-11-02,2025-11-08,60,9.094947017729282e-13
312,2025-11-09,2025-11-09,10208.7815015,10206.682427425925,2025-11-03,2025-11-09,60,9.094947017729282e-13
313,2025-11-10,2025-11-10,7206.566823129629,7181.363073129628,2025-11-04,2025-11-10,60,4.547473508864641e-13
314,2025-11-11,2025-11-11,7224.8405297222225,7224.8405297222225,2025-11-05,2025-11-11,60,9.094947017729282e-13
315,2025-11-12,2025-11-12,4284.515722760173,4264.514796834247,2025-11-06,2025-11-12,60,9.094947017729282e-13
316,2025-11-13,2025-11-13,3570.110577,3553.714077,2025-11-07,2025-11-13,60,9.094947017729282e-13
317,2025-11-14,2025-11-14,1382.3799184814818,1391.3319184814818,2025-11-08,2025-11-14,60,1.8189894035458565e-12
318,2025-11-15,2025-11-15,4539.4350007774365,4542.550741518177,2025-11-09,2025-11-15,60,9.094947017729282e-13
319,2025-11-16,2025-11-16,9386.822592814817,9406.417092814816,2025-11-10,2025-11-16,60,9.094947017729282e-13
320,2025-11-17,2025-11-17,5941.597755647986,5888.867303796134,2025-11-11,2025-11-17,60,9.094947017729282e-13
321,2025-11-18,2025-11-18,6597.180576733329,6597.180576733329,2025-11-12,2025-11-18,60,4.547473508864641e-13
322,2025-11-19,2025-11-19,5098.933088929627,5134.976588929627,2025-11-13,2025-11-19,60,9.094947017729282e-13
323,2025-11-20,2025-11-20,8659.927569407408,8614.976643481481,2025-11-14,2025-11-20,60,9.094947017729282e-13
324,2025-11-21,2025-11-21,1249.5795091111106,1253.3805091111105,2025-11-15,2025-11-21,60,1.8189894035458565e-12
325,2025-11-22,2025-11-22,7279.8210677592615,7279.8210677592615,2025-11-16,2025-11-22,60,9.094947017729282e-13
326,2025-11-23,2025-11-23,10113.316047981481,10114.519797981482,2025-11-17,2025-11-23,60,4.547473508864641e-13
327,2025-11-24,2025-11-24,6455.6466665555545,6467.996166555555,2025-11-18,2025-11-24,60,4.547473508864641e-13
328,2025-11-25,2025-11-25,4265.013323778203,4233.869573778203,2025-11-19,2025-11-25,60,4.547473508864641e-13
329,2025-11-26,2025-11-26,5952.16238870386,5952.16238870386,2025-11-20,2025-11-26,60,9.094947017729282e-13
330,2025-11-27,2025-11-27,4292.946417185186,4293.322167185186,2025-11-21,2025-11-27,60,9.094947017729282e-13
331,2025-11-28,2025-11-28,1320.7322354999997,1337.9319854999997,2025-11-22,2025-11-28,60,4.547473508864641e-13
332,2025-11-29,2025-11-29,4581.514803944444,4550.890803944444,2025-11-23,2025-11-29,60,4.547473508864641e-13
333,2025-11-30,2025-11-30,9282.853238018519,9252.015275055555,2025-11-24,2025-11-30,60,9.094947017729282e-13
334,2025-12-01,2025-12-01,7124.411779555555,7130.498029555555,2025-11-25,2025-12-01,60,9.094947017729282e-13
335,2025-12-02,2025-12-02,4079.7130705740747,3985.8519594629634,2025-11-26,2025-12-02,60,4.547473508864641e-13
336,2025-12-03,2025-12-03,6332.424109314816,6324.109609314815,2025-11-27,2025-12-03,60,1.1368683772161603e-13
337,2025-12-04,2025-12-04,5525.530024314815,5512.955950240741,2025-11-28,2025-12-04,60,9.094947017729282e-13
338,2025-12-05,2025-12-05,1950.393234,1932.7125839999999,2025-11-29,2025-12-05,60,1.8189894035458565e-12
339,2025-12-06,2025-12-06,5025.040273037037,4954.787037851852,2025-11-30,2025-12-06,60,4.547473508864641e-13
340,2025-12-07,2025-12-07,9326.629323962963,9307.807822111112,2025-12-01,2025-12-07,60,1.8189894035458565e-12
341,2025-12-08,2025-12-08,9071.804124387492,9074.653374387493,2025-12-02,2025-12-08,60,9.094947017729282e-13
342,2025-12-09,2025-12-09,6130.306638592428,6147.623388592428,2025-12-03,2025-12-09,60,2.2737367544323206e-13
343,2025-12-10,2025-12-10,6139.916388444205,6139.916388444205,2025-12-04,2025-12-10,60,4.547473508864641e-13
344,2025-12-11,2025-12-11,8538.802589148148,8522.422139148148,2025-12-05,2025-12-11,60,2.2737367544323206e-13
345,2025-12-12,2025-12-12,1307.3876846111111,1296.5172772037038,2025-12-06,2025-12-12,60,9.094947017729282e-13
346,2025-12-13,2025-12-13,7923.0192584999995,7920.9297584999995,2025-12-07,2025-12-13,60,9.094947017729282e-13
347,2025-12-14,2025-12-14,10167.37269,10158.398751111112,2025-12-08,2025-12-14,60,9.094947017729282e-13
348,2025-12-15,2025-12-15,7729.2016519453655,7716.127951945366,2025-12-09,2025-12-15,60,4.547473508864641e-13
349,2025-12-16,2025-12-16,6579.117937525932,6615.285187525931,2025-12-10,2025-12-16,60,9.094947017729282e-13
350,2025-12-17,2025-12-17,8926.328728777778,8899.385578777777,2025-12-11,2025-12-17,60,2.2737367544323206e-13
351,2025-12-18,2025-12-18,6096.313743625096,6137.895993625096,2025-12-12,2025-12-18,60,9.094947017729282e-13
352,2025-12-19,2025-12-19,2235.211943962967,2235.211943962967,2025-12-13,2025-12-19,60,1.8189894035458565e-12
353,2025-12-20,2025-12-20,7184.4397195074125,7208.968469507412,2025-12-14,2025-12-20,60,1.8189894035458565e-12
354,2025-12-21,2025-12-21,10268.873015555559,10289.476265555559,2025-12-15,2025-12-21,60,9.094947017729282e-13
355,2025-12-22,2025-12-22,8188.176410970373,8205.573410970374,2025-12-16,2025-12-22,60,9.094947017729282e-13
356,2025-12-23,2025-12-23,7223.178114092593,7211.579664092593,2025-12-17,2025-12-23,60,9.094947017729282e-13
357,2025-12-24,2025-12-24,8917.703836574075,8904.99923101852,2025-12-18,2025-12-24,60,4.547473508864641e-13
358,2025-12-25,2025-12-25,8770.767616925925,8770.767616925925,2025-12-19,2025-12-25,60,9.094947017729282e-13
359,2025-12-26,2025-12-26,2139.1875569444437,2139.1875569444437,2025-12-20,2025-12-26,60,1.8189894035458565e-12
360,2025-12-27,2025-12-27,7729.341699166667,7743.857949166668,2025-12-21,2025-12-27,60,2.2737367544323206e-13
361,2025-12-28,2025-12-28,10322.326861070373,10333.371361070373,2025-12-22,2025-12-28,60,1.1368683772161603e-13
362,2025-12-29,2025-12-29,7828.572391688901,7828.572391688901,2025-12-23,2025-12-29,60,9.094947017729282e-13
363,2025-12-30,2025-12-30,7288.966394388886,7248.184011055552,2025-12-24,2025-12-30,60,1.8189894035458565e-12
364,2025-12-31,2025-12-31,7715.05078700053,7744.179287000531,2025-12-25,2025-12-31,60,2.2737367544323206e-13
