decision_day,decision_time,strategy,load_model,pv_model,alpha,terminal_mode,decision_soc_0000_kwh,predicted_plan_start_soc_0010_kwh,realized_plan_start_soc_0010_kwh,forecast_source_max_timestamp,residual_source_max_timestamp,residual_history_days,planning_cash_yuan,planning_objective_yuan,planning_max_residual_kwh,solve_seconds
2025-01-01 00:00:00,2025-01-01 00:00:00,Q2v2_continuous_warmup,same_weekday_2w,recent_5d,0.65,pwl,6000.0,6000.0,6000.0,,,0,36399.69858928963,70246.25381634198,9.094947017729282e-13,0.0034585999999947603
2025-01-02 00:00:00,2025-01-02 00:00:00,Q2v2_continuous_warmup,same_weekday_2w,recent_5d,0.65,pwl,8435.006323148147,8435.006323148147,8388.344452777777,2025-01-02 00:00:00,,0,49594.34794210698,97791.30719077445,9.094947017729282e-13,0.0034077000000038993
2025-01-03 00:00:00,2025-01-03 00:00:00,Q2v2_continuous_warmup,same_weekday_2w,recent_5d,0.65,pwl,8387.451916111111,8387.451916111111,8466.29280111111,2025-01-03 00:00:00,2025-01-02 00:10:00,1,49824.33006401356,98228.71479411323,9.094947017729282e-13,0.003286299999999187
2025-01-04 00:00:00,2025-01-04 00:00:00,Q2v2_continuous_warmup,same_weekday_2w,recent_5d,0.65,pwl,10800.0,10800.0,10800.0,2025-01-04 00:00:00,2025-01-03 00:10:00,2,48476.44991936299,96627.2231429722,9.094947017729282e-13,0.0033311999999980912
2025-01-05 00:00:00,2025-01-05 00:00:00,Q2v2_continuous_warmup,same_weekday_2w,recent_5d,0.65,pwl,10800.0,10800.0,10772.078870370371,2025-01-05 00:00:00,2025-01-04 00:10:00,3,48267.59980662785,96209.522917468,9.094947017729282e-13,0.003022899999997719
2025-01-06 00:00:00,2025-01-06 00:00:00,Q2v2_continuous_warmup,same_weekday_2w,recent_5d,0.65,pwl,8501.043549814814,8501.043549814814,8463.120568333334,2025-01-06 00:00:00,2025-01-05 00:10:00,4,49199.17684338192,97032.28865063461,9.094947017729282e-13,0.002986399999997502
2025-01-07 00:00:00,2025-01-07 00:00:00,Q2v2_continuous_warmup,same_weekday_2w,recent_5d,0.65,pwl,8540.940719999999,8540.940719999999,8546.478104999998,2025-01-07 00:00:00,2025-01-06 00:10:00,5,49086.15023379859,109170.9780645038,9.094947017729282e-13,0.0032972999999998365
2025-01-08 00:00:00,2025-01-08 00:00:00,Q2v2_continuous_warmup,same_weekday_2w,recent_5d,0.65,pwl,8564.13900574074,8564.13900574074,8529.790098333333,2025-01-08 00:00:00,2025-01-07 00:10:00,6,61483.85039955225,121892.70547574309,9.094947017729282e-13,0.0031274999999979514
2025-01-09 00:00:00,2025-01-09 00:00:00,Q2v2_continuous_warmup,same_weekday_2w,recent_5d,0.65,pwl,8837.354302037036,8837.354302037036,8842.283302037036,2025-01-09 00:00:00,2025-01-08 00:10:00,7,74864.51571896445,111224.46764096137,9.094947017729282e-13,0.002658499999995456
2025-01-10 00:00:00,2025-01-10 00:00:00,Q2v2_continuous_warmup,same_weekday_2w,recent_5d,0.65,pwl,9456.213520777776,9483.515485777776,9514.916485777776,2025-01-10 00:00:00,2025-01-09 00:10:00,8,36754.01830301201,72769.75066267095,2.2737367544323206e-13,0.0028980999999959067
2025-01-11 00:00:00,2025-01-11 00:00:00,Q2v2_continuous_warmup,same_weekday_2w,recent_5d,0.65,pwl,9445.42646199074,9470.90615199074,9501.40265199074,2025-01-11 00:00:00,2025-01-10 00:10:00,9,36335.74144586234,108834.8914395123,9.094947017729282e-13,0.0034155999999967435
2025-01-12 00:00:00,2025-01-12 00:00:00,Q2v2_continuous_warmup,same_weekday_2w,recent_5d,0.65,pwl,9397.051219629631,9420.708634629631,9408.51063462963,2025-01-12 00:00:00,2025-01-11 00:10:00,10,72761.71347802851,143900.10023504548,9.094947017729282e-13,0.0025867000000019402
2025-01-13 00:00:00,2025-01-13 00:00:00,Q2v2_continuous_warmup,same_weekday_2w,recent_5d,0.65,pwl,9244.50637748148,9262.99072523148,9296.07922523148,2025-01-13 00:00:00,2025-01-12 00:10:00,11,71402.56169765166,141836.4729511724,1.1368683772161603e-13,0.002992600000006007
2025-01-14 00:00:00,2025-01-14 00:00:00,Q2v2_continuous_warmup,same_weekday_2w,recent_5d,0.65,pwl,8933.203474907406,8950.610532407407,8926.051076759259,2025-01-14 00:00:00,2025-01-13 00:10:00,12,70727.17643368931,140374.68211220938,9.094947017729282e-13,0.0028015999999979613
2025-01-15 00:00:00,2025-01-15 00:00:00,Q2v2_continuous_warmup,same_weekday_2w,recent_5d,0.65,pwl,8837.39017055556,8851.15088780556,8844.74888780556,2025-01-15 00:00:00,2025-01-14 00:10:00,13,69054.9837739839,137216.97593833625,9.094947017729282e-13,0.0027413000000038323
2025-01-16 00:00:00,2025-01-16 00:00:00,Q2v2_continuous_warmup,same_weekday_2w,recent_5d,0.65,pwl,8874.976315592594,8895.508807592594,8933.109307592595,2025-01-16 00:00:00,2025-01-15 00:10:00,14,67067.38286367728,96662.04466126718,2.2737367544323206e-13,0.0027241000000017834
2025-01-17 00:00:00,2025-01-17 00:00:00,Q2v2_continuous_warmup,same_weekday_2w,recent_5d,0.65,pwl,9101.552739425926,9118.438891175927,9140.701891175926,2025-01-17 00:00:00,2025-01-16 00:10:00,15,28880.416074973633,56731.84188531556,4.547473508864641e-13,0.0029095999999952937
2025-01-18 00:00:00,2025-01-18 00:00:00,Q2v2_continuous_warmup,same_weekday_2w,recent_5d,0.65,pwl,9033.809774759258,9047.049586259258,9048.277336259258,2025-01-18 00:00:00,2025-01-17 00:10:00,16,27933.3718589281,90220.50788228695,2.2737367544323206e-13,0.0029274999999984175
2025-01-19 00:00:00,2025-01-19 00:00:00,Q2v2_continuous_warmup,same_weekday_2w,recent_5d,0.65,pwl,9260.950375347222,9271.699375347222,9239.452227199074,2025-01-19 00:00:00,2025-01-18 00:10:00,17,62874.24553823478,124590.51165877504,4.547473508864641e-13,0.0030172000000021626
2025-01-20 00:00:00,2025-01-20 00:00:00,Q2v2_continuous_warmup,same_weekday_2w,recent_5d,0.65,pwl,9119.86617798148,9128.58657798148,9109.247844648145,2025-01-20 00:00:00,2025-01-19 00:10:00,18,62393.00125412394,123774.04535186042,9.094947017729282e-13,0.0031862999999958674
2025-01-21 00:00:00,2025-01-21 00:00:00,Q2v2_continuous_warmup,same_weekday_2w,recent_5d,0.65,pwl,9097.867604356485,9110.586510106485,9072.020883060188,2025-01-21 00:00:00,2025-01-20 00:10:00,19,62123.4432051212,123095.65309113315,4.547473508864641e-13,0.0033306000000052904
2025-01-22 00:00:00,2025-01-22 00:00:00,Q2v2_continuous_warmup,same_weekday_2w,recent_5d,0.65,pwl,9239.454359138892,9255.238634138892,9273.951134138892,2025-01-22 00:00:00,2025-01-21 00:10:00,20,61105.63929332385,121289.56223908225,4.547473508864641e-13,0.0026403000000030374
2025-01-23 00:00:00,2025-01-23 00:00:00,Q2v2_continuous_warmup,same_weekday_2w,recent_5d,0.65,pwl,8725.63834704167,8744.812799791669,8741.41529979167,2025-01-23 00:00:00,2025-01-22 00:10:00,21,61251.52081205796,85880.19092404256,9.094947017729282e-13,0.002825099999995473
2025-01-24 00:00:00,2025-01-24 00:00:00,Q2v2_continuous_warmup,same_weekday_2w,recent_5d,0.65,pwl,8747.762886574075,8765.084136574076,8766.724386574075,2025-01-24 00:00:00,2025-01-23 00:10:00,22,25956.59406647206,50773.642473792366,1.8189894035458565e-12,0.002716200000001834
2025-01-25 00:00:00,2025-01-25 00:00:00,Q2v2_continuous_warmup,same_weekday_2w,recent_5d,0.65,pwl,9129.89571759722,9145.42383009722,9128.778263893515,2025-01-25 00:00:00,2025-01-24 00:10:00,23,25533.482998689702,84737.68344698957,2.2737367544323206e-13,0.0029139999999969746
2025-01-26 00:00:00,2025-01-26 00:00:00,Q2v2_continuous_warmup,same_weekday_2w,recent_5d,0.65,pwl,9114.039390092596,9127.774365092595,9174.275115092596,2025-01-26 00:00:00,2025-01-25 00:10:00,24,59472.48526863486,118184.54939901891,1.8189894035458565e-12,0.0028368999999983657
2025-01-27 00:00:00,2025-01-27 00:00:00,Q2v2_continuous_warmup,same_weekday_2w,recent_5d,0.65,pwl,9082.734022087961,9098.955509587962,9069.352216532407,2025-01-27 00:00:00,2025-01-26 00:10:00,25,60089.90188079147,118783.4418771906,9.094947017729282e-13,0.002616100000004451
2025-01-28 00:00:00,2025-01-28 00:00:00,Q2v2_continuous_warmup,same_weekday_2w,recent_5d,0.65,pwl,9079.265098074075,9094.004248074074,9120.602998074075,2025-01-28 00:00:00,2025-01-27 00:10:00,26,59169.82097508714,117699.2335759331,1.8189894035458565e-12,0.0028575000000046202
2025-01-29 00:00:00,2025-01-29 00:00:00,Q2v2_continuous_warmup,same_weekday_2w,recent_5d,0.65,pwl,8956.681784800925,8973.337034800925,8972.293784800924,2025-01-29 00:00:00,2025-01-28 00:10:00,27,59103.50792708834,116811.50279809558,9.094947017729282e-13,0.0028503999999998086
2025-01-30 00:00:00,2025-01-30 00:00:00,Q2v2_continuous_warmup,same_weekday_2w,recent_5d,0.65,pwl,9434.348856666667,9450.358581666667,9438.207831666667,2025-01-30 00:00:00,2025-01-29 00:10:00,28,58019.72618482108,80409.062153007,9.094947017729282e-13,0.002739099999999439
2025-01-31 00:00:00,2025-01-31 00:00:00,Q2v2_continuous_warmup,same_weekday_2w,recent_5d,0.65,pwl,8907.510342944448,8922.037730444448,8908.033730444447,2025-01-31 00:00:00,2025-01-30 00:10:00,28,23199.971688305806,45469.89055158911,9.094947017729282e-13,0.0029092999999988933
